,0,1,2,3,4,target
876,0.9206322907748945,0.8235554918687381,-0.16341844107608006,-0.06098498200988442,0.8375166726589022,55.04099969106456
326,-0.09143773124951071,-0.5410467819196708,-1.3293365693342671,0.2377796334525969,0.9751384105786284,67.39389699639266
381,-0.12824197402770202,0.5311783665356953,0.8245572195642364,-1.1460004265074433,0.04706609465849369,-9.148987064202718
853,0.4064154936762062,2.1338682472045374,0.9725357891425369,0.23958275985639133,-0.3698011663038032,-22.024569048078487
311,-0.40318830684953333,-1.8269113783045177,0.8767267736904524,0.917221542115856,-0.05704286766218815,6.034278194777615
306,-1.3647582300824324,0.9901213838791937,-0.8391294028422137,0.4936440875248639,0.48701532598037944,37.675432357330855
490,0.14644077047824985,1.404545514939712,0.07821118109215218,-0.27177156649069667,0.21717963263828013,11.530428066916816
719,1.5762989726277175,0.09920486253150242,-0.5375833685580618,-1.2012015190173895,0.5232617386880768,21.926322916667125
912,-0.6260582718898234,-0.5869026451800015,-0.251656358946396,-0.06611522595320368,-0.4224987168254349,-28.804339666571465
374,-1.7140461160489964,-0.2003534800049874,-0.14244541750936937,-0.9592553926405882,0.5383296032761768,25.520667574008733
560,0.18811352001824805,0.30852274964082543,-2.163665561003783,-1.4129743739220386,0.5074303058021131,18.6044938390349
316,-0.15730528828056567,-0.0379070611841362,-1.6018409520745176,-1.9138007046699812,-2.285499448789645,-172.49000881469044
239,-1.0091240312138865,0.5373801933590323,1.2075525841594366,1.0697923918589658,1.5954041685761902,117.55587598984204
28,-0.42060635287266673,-0.291113147695579,-1.1904557322929716,-0.4313032376956794,-1.7370495544468758,-120.13410849482058
164,1.2229647619208388,-0.5530619110683829,-0.08154851334052744,-1.877312818056097,1.0883352098095076,52.25920025028469
904,0.2280533251240672,0.10471402943328424,-0.4223148241252704,0.555962679709798,0.8924738873315303,65.30593135193902
704,0.8097407308144474,-0.913594509977107,0.3759274257674802,0.2522707806121254,2.2856011815280666,154.69425880411367
108,1.2396584973723304,0.9122820275716162,-0.017285085867285055,-1.951910828300387,2.4412161593165287,141.4258003669238
615,0.8690063428187611,-1.3915052694042196,0.9341797484997248,0.08658318016541908,1.419255045910951,95.30742415914747
427,-1.4061047713910109,1.209850126410305,-0.39079799608101357,-0.08561495423049709,0.25233143138452124,15.862585427658816
564,-0.384645423142518,1.5182611703557054,-0.2420198298702195,0.2134800489101689,-1.2085736537332212,-78.08218362571593
706,0.02687855274239261,0.45946259207941603,-0.26509988374247306,1.7773537755210145,0.10804657347187041,26.228554732304232
391,1.4288924243579761,-0.6904314293609605,-1.690997761809049,0.6220751965181025,0.8609732704959465,63.91952130042227
538,-0.29183736274786276,-1.6164741886510325,-0.35343174875719907,0.5672902778526694,-0.2226751005151545,-8.729529209881921
477,-0.8391241905992737,0.8505306835234382,0.07912172392953508,0.09600420496977001,-0.045113303693334814,-1.971371238455703
672,-1.1506920042566469,-1.022855040804214,0.39756521561746616,-0.2507566767601495,-0.09406245036260366,-8.941844644573903
165,-0.21162031696117753,-0.17792734612129257,-0.31734888081902757,0.000340957933682014,-0.062204800659903636,-4.132933841028369
339,0.7539914669784796,-0.6780954607862469,-0.20694471055729102,-0.7537044661806008,0.13768982590334733,1.0807116917487338
699,0.05616534222974544,-0.31155253212737266,-0.5788496647644155,-0.6848100909403132,-0.8707971491818818,-65.24497916842438
250,1.5632476222398208,0.27449907872931695,0.08044517528521182,0.02437209760575236,-0.016738288347449826,-0.8519518965966623
496,0.5053869385773427,2.023471949769974,-0.3497821801115369,0.13157396790806872,-1.4055600473918899,-92.05926214897053
882,-1.0987684566673,0.2950757833018625,0.8978641732031214,-1.3817450094949852,-0.11244375601928822,-22.282202397171687
420,0.06389619165017826,1.0659268187168889,-1.6528036422528436,-1.400256208127942,0.17468009289816874,-3.386953890382749
756,1.4333525028819918,1.1149623229474022,0.6081564276006415,1.6692508063769687,0.30198921035755294,37.967366998199665
278,2.0644928613593194,-2.0306844677814944,-0.11610393903436653,-0.3909533751876011,0.49374177734918845,28.644690259418347
18,0.09244773546980858,1.5309323510288246,0.04253907402979072,-1.4513384981910251,0.02185735821987137,-14.096909463498418
194,0.49949823346865946,1.2674116548186567,0.5249178636458827,-0.30769127736700175,0.26902407317624666,14.593193643213954
320,-3.007437204443559,0.9030884548690236,-0.21527323454051644,-0.013033759410976406,0.7003573371771821,46.43374977620087
722,0.9336605439721428,0.9241106957635747,0.4463334359795243,0.5291992449175446,2.1981124961853724,151.84346534772092
927,-1.775887999961829,0.4026255311300352,0.766919669661199,1.0653154920979948,0.9853175089398669,76.93746103021269
657,1.1005582400486913,0.7292887472028637,-2.1992540453277196,-0.18495141706103585,-0.176782713326495,-13.737626767547308
609,-0.22612246976395625,-0.6088151174171313,0.6335339024604004,-0.7263658321861022,-0.17245859668145705,-19.251077209245636
566,0.5737561983770503,1.2581969369939803,-0.2881865316218924,0.9485329221824558,1.2312760865393286,92.04230857090279
48,-0.6599427051023377,-0.9402702359572048,1.561279598955807,-0.8396324471731914,-1.3682450953383907,-99.98385915759071
204,1.1899780497958274,0.19832705935534153,-1.8814837985313415,-0.4132748053360386,0.42490267234987283,23.82776173638826
262,0.6252314510271875,-2.223403152224427,-0.6436184028328906,-0.35399391125348395,-1.3749512934180188,-95.22642832893624
934,0.5275973827743159,1.0085972868601036,1.6142495472802274,-0.564317909682489,0.227345950143481,9.071985825696014
117,-0.17908240519380295,-0.6467920155914019,-0.3886429734726365,0.5267817052573492,0.10106084435747183,12.36471316436494
519,-1.7410228083589014,-0.2916419863518446,-0.3752224007606727,0.5400944605248059,0.7324240097548762,54.49267679871616
412,-0.2689138918396052,0.10225998517157352,-1.1436780190419749,-0.8268135316929666,0.4464316280745284,20.828552319961418
207,0.09740016626878341,-0.3108861716984717,0.08842208704466141,0.18877859679382855,0.5238910238342056,36.86115618618719
553,1.2970816199252337,-0.5967708210394816,-0.1358720669375292,-1.3545846185981127,-0.6348443273428107,-56.730559115391756
61,0.5769345970532244,0.43163385281122324,-0.05010745879029284,-0.9669310884567346,-1.7317313464679263,-125.51945204956093
781,0.2195095557930451,-0.9127834941352918,-1.9457030831639588,-0.5457119740177824,-1.8845858449794477,-131.1710314899454
928,1.7390650353862618,1.0706283304331659,0.34207483907677094,-1.4322032991369757,1.3404303179776291,73.79253454364812
622,-2.2315376387217634,0.8110896766545228,1.0773148813676692,0.43618709534169425,1.5714630513097227,109.17501999450907
896,-0.8532384842753111,0.9378913720693943,2.0081492793769584,0.32952244216953547,-0.4258158663638689,-24.785856022950625
130,-0.9444462559182503,-0.46641909673594306,0.7863279621089762,0.9101789080925919,0.31721821519130206,30.84698795468707
473,0.40565222980465354,-0.8527142320673834,-0.42770925305757607,-1.1748201009950612,-0.12229235803258051,-20.72002582377897
369,-0.920407632119269,-1.3811000860829576,1.0857972247059309,-0.4395835504794938,-1.4365413592691785,-100.23918873805385
991,-1.5182067051894348,0.30345193259462955,-1.4191855078936442,-0.05324304212791322,-0.7734995824944583,-52.007796126935276
68,-0.5070366321254438,0.31056471042047845,-1.3705719179606883,0.11187239689629833,-0.6757031433716508,-43.7352489265127
241,-0.794706117597217,-0.8236132764583951,-1.6645732509676436,0.8869625661584651,0.13052402586494022,18.183168766882112
794,0.23345807966231763,0.1441064851232316,0.7920414984229742,-0.5473555742986664,-0.5507994257068402,-42.49253540575347
640,-2.113931948675743,0.2572713594988108,-0.5391194348611356,-0.9516835539067837,-0.5515766875958918,-46.87640790860879
844,-1.4064596551036312,-0.4939267070859207,0.08584310534245199,-1.0980979603625587,0.5122667268259818,22.29986667551485
43,-0.14876615223367926,0.9967596428198156,-1.1335928256384589,1.5877615237453675,-0.6432576017887388,-25.764176243083664
907,-0.30230275057533557,-0.3873268174079523,1.2023798487844115,0.15634896910398005,1.230290680727721,83.48889944872455
384,-0.9347830262310605,-1.7766910189292493,1.3328053353574878,-0.8531286248616412,-1.430135207423932,-104.24412480076515
243,-0.6126257388749357,0.1339129226154759,0.10490716508551272,0.7741606098188162,-0.7744589687708257,-43.206352088926785
290,0.698096242470166,-0.14907716273383734,-0.10180510672024344,1.068730858335749,-0.23386641061453026,-4.101044500211227
465,-1.1390081931169653,0.6479677910098883,1.584820527349018,-0.8963697225521802,-1.962732009140752,-140.12484454966636
993,-0.6289807075912683,-1.4317977780650373,0.5000166958573025,-0.011135627340667108,1.344074374673427,89.26093716748258
597,0.10583464361677868,1.499491490138763,-0.5541312470844857,-0.42920929664647733,1.3752254204468972,86.85300196837409
850,-0.9248930731004671,-0.5787085129968689,-1.8240795520803668,-0.9415456753157148,0.2547155366937834,6.850230278828448
792,0.43393896823028894,-0.4054724571406713,0.07077407590065136,0.7312936208403685,-0.3432350544551033,-14.98948471157274
919,0.640131526097592,0.6552637307225978,1.0996595958871132,-0.3691818379424436,-0.2393791775759264,-19.874201939682838
788,-0.40403229385093714,2.594424587768152,-1.5415873996717875,1.997956079750005,-0.8565493082342095,-35.552921709547235
568,0.7438001537659823,-0.7095210107080003,-0.6850969803314269,0.9663057789708022,0.2102314391020942,24.33379586496931
16,1.2740445379470846,0.8655251906712624,0.49097105518197964,-0.30713172015868395,-0.44903714144696555,-33.151510055334924
103,0.12895705059199475,-0.2605598440471242,-2.3696232933022143,-1.5427579404376792,-0.7673321827911168,-67.5571219629546
22,2.149574534867287,-0.7333128075836657,-1.6388073071221778,-0.8791606288350748,-0.23110160759299653,-24.787931785727267
630,-1.0677420110191065,-1.3730425509508952,-0.9981917282318641,-0.7667048545369005,-1.0043227122146134,-75.00182404273204
965,1.6616518611847708,-1.2808067141489963,-1.176473154361083,0.5921490907817339,-0.7864684150712256,-45.95514225779018
732,0.3200319320927313,0.16110632224167834,0.46675065041843483,-0.3405600349378623,-1.3032200826784146,-90.31240224922206
478,1.061434959762639,0.8199531080617846,-1.3747943885085796,1.511865305196297,0.3222050829752719,37.62540010812115
64,0.13022097921572884,0.1437603112168865,0.5474259983284916,-1.6334345298025867,0.15534977981514295,-7.1708062441464975
736,-0.19284182854396467,1.2213849594591983,-0.13413278276841978,-0.2683727352093812,-0.16975829390248506,-14.164326876752991
450,-1.2288951969348896,0.8491152114704448,1.5753068777322043,0.8474083554815338,-0.1987198463087681,-4.13518315815349
665,0.11273794123573726,0.4683049076895917,2.1531197925705827,-1.604738529860987,1.4587147496759936,79.80975381177473
608,-0.13190863977996706,0.895555985551324,0.6051200840821667,-1.7423561978092306,-1.3032427541123157,-105.3334994326854
821,1.0819352184772653,0.19796728994496746,-0.7946363210714987,1.0907497344345,-0.34624944764730997,-11.338536343710013
523,1.4668451704759207,-0.32649358374435633,1.5317530244259294,0.22717195148006147,-1.0537291281165362,-67.63840049700376
98,-0.2127402802139687,-1.6138978475579515,0.7774903558319103,-0.4380743016111864,-1.2527953600499264,-88.00400400497908
964,0.606497668529433,0.7689677404625888,-0.3381832687502097,-0.40753612820190954,-0.851446398614724,-60.987303584734576
778,0.8625960113284511,-0.4243176209779015,-0.9087632459590531,0.7714059486768456,1.0294388287827674,76.72240281658789
448,-0.49498570990553453,0.8498770749115637,-0.09834549020237666,-1.5922294876526424,-0.013649200799110415,-17.96765824445079
680,-2.2414489678050935,-6.835257171676114e-05,2.6673220888841764,-2.330467257653145,-0.5678032876795234,-62.72849023508357
501,-0.5981504525164856,-0.8319574932171248,-0.15993978775704282,-0.7891021802566502,0.0012484557884866053,-8.371838729198544
301,-0.1764385412609698,0.7957408150919008,-0.7251721300578094,-0.016645855512533003,0.14093267071398552,9.193597105393717
950,-1.7685384506770307,0.3562928174722889,0.7666631816450861,-0.5986539369229861,-1.1158969859603944,-80.62086859565831
202,-1.252593341503319,0.8820565993630106,-0.7727718829782021,0.24676602397997058,1.5259575608848084,104.11937034556992
13,-1.1129058948716164,-1.0370293438486922,0.08071989043386668,-0.8377762593852057,0.9091884953309661,51.484183967559325
818,-0.38951838830509233,1.3827104147937164,0.04236113987702397,-2.1061972119965278,-1.6929114483856118,-135.14465201450665
898,2.4643219335153654,-0.22342611219469602,0.3424273512868276,-0.37754691905928855,0.8546427287124486,52.78806061708099
297,-0.09439250641118496,0.46637957438197886,-0.4772862704032296,1.8334353618156785,0.3557035157239846,43.298501139701074
891,0.027762131625501486,0.10571999546715485,0.4470241568856779,0.0676342300669198,-0.4630217541090513,-30.066037872622232
141,0.04412909879627581,0.10864820369485426,1.178031235143372,0.21317626376639123,-1.2032434553759759,-77.7309831095374
718,-1.3852775837671982,-0.5247419549622203,0.8883388619968426,-1.0969249717331135,-0.9273629280729663,-73.42219217511193
799,0.6230101959607396,-1.3753019499454755,0.5956119532945485,0.18697060821328368,-1.0555312886421826,-68.18898180941046
514,-0.36416980891575595,0.6500419730507697,-0.8436156065359265,1.483128627973814,-0.050082641464535414,12.560559093648017
193,0.20288104444262162,-0.9916283583780207,-0.4535531009087746,1.0222103545858248,-0.4174294563419883,-16.806337441946837
201,1.2926460210124688,1.6264314909922573,0.9903228106559455,1.0147376948297768,1.4403036410176226,106.65188588850577
890,-0.4164990824366925,0.9600477411499279,1.054757925180283,-0.17781314370301254,0.250998116008324,14.786060213555453
759,-1.506998398214272,1.285984007080293,0.32962298212773805,0.4047618120404975,0.2238435633129107,19.222314396109432
910,0.09721923200291822,0.21496559062609397,-1.6786883628286566,-0.907300121525327,0.2242522209656819,5.191360625850198
246,0.06085638452785779,1.3583818878710054,-0.33070907580706926,2.209805589290623,1.0166771199513849,91.28553445557336
402,-1.099970807569307,0.2744169952820085,-0.5249394229139988,0.7837444936747278,1.9013400518481125,134.8355845724673
73,0.19321355323369646,-0.8022531717308108,-1.7971646153956184,0.40088567910412115,-0.009657236532908346,3.6531011206968227
592,-0.5189002044248521,1.1173053155366646,-1.0848560594614451,-0.79211502056515,-1.045524557069466,-78.01398343042317
313,0.7210319212928965,-0.24255625950226256,2.2896278525990423,-0.9458972264573235,1.044608023710358,59.331046970946105
669,-0.3090129690471222,-0.2977908794017283,-0.13288057758695562,-0.637437025552229,-0.39727181432879766,-33.248209290355284
21,0.20353970040461283,-1.510199643978141,3.3065743491105617,-0.38731343745685,-0.3475845129154439,-27.264072330215217
913,-0.0028761026590009907,0.28725731246679276,-1.1758349879382288,0.6530372834064285,-0.18844908213006825,-5.534777686652403
331,-1.0065590647942373,-0.3000035769377952,-0.7772280421551344,-0.8490728726936604,1.6295000432323286,99.26349113542034
557,-0.43782004474443403,-1.1474686524111024,-1.0799315083634233,-0.6634782863621074,1.126635922106507,67.81184646596085
434,-0.09816121120593053,1.193611680749198,-0.1540723984248353,-1.913742670861507,0.6635615765913815,23.621644695310664
885,0.7790512201329913,-0.3634377801160513,-0.12656933163938985,-0.6378405564735843,-1.6641729851661735,-117.50080502685567
627,0.8318777850596785,-0.04716586765324164,-3.0064987150073263,-0.08732818705761503,-0.5539647407905779,-37.77404915729038
469,-0.669325698657654,1.1305173352117452,0.2957374388461356,-0.24949630037917458,-0.16645972668369233,-13.742721703098214
730,-1.2266216593966155,-2.0473236130579617,1.0304382674156047,-0.8174930976162265,-1.4013472930393105,-101.94792540590139
945,0.7811672661822455,0.8305173690425973,-1.7622288975408782,-1.8523426566950363,-0.7133269903920768,-67.28285990526014
517,0.6164593126261553,1.2961498675278833,-0.87797061653587,-1.214401382959259,0.8709617821716195,44.906765471232006
612,-1.1884244215830193,-2.802202798391713,-1.4166034824256404,-1.7441877565539552,1.6606075598945138,91.7413880162762
389,0.6203582983435127,-0.4796558140079479,-0.4779740040404867,-0.5211893123011109,-1.8430695501566485,-128.14747053530712
431,-0.23550331433385294,2.011243186157662,-1.377018570791137,1.1219073488477664,1.392837432756857,104.64368027295258
968,0.19782816784986781,-0.3234574724834238,1.3151376657209723,1.3426220105103532,-0.7399358529652597,-34.81978501066286
824,0.7130162297109377,1.7236962756672618,0.5049699814628403,0.48334185178057176,-0.12364962589203071,-3.0438544842231448
673,-0.7823243190080752,-0.7362970898953761,0.8130363779939603,-0.3423680438532297,-0.31030422533007385,-24.303383654274786
975,1.1615338035591172,0.2050866252318538,0.3822027877852936,1.936712462402552,-1.4519055294317473,-75.79999893769474
715,-0.7905230218330772,1.5634047450289295,0.16155926723816796,-1.0003303489537052,1.6739857070107096,100.60111171287784
752,-0.8859664820409529,1.279812020628022,0.024290914137780388,0.1841812647035463,-0.3416780975958806,-20.748000616786253
748,0.9214083978105813,-0.6023318535828621,-1.014825907734441,0.7303517903770194,1.1045784735714765,81.2792742174513
372,0.28912050527881217,0.24078750974193844,-0.7994223995430966,0.44103290727315136,0.17879286573317985,16.615094128836144
888,0.10056420309716294,0.7591566751082341,0.20733404604568986,1.1022825645880243,-0.6970730723601831,-34.544556919721785
188,-0.34069234387793046,0.5990395263761841,1.0450233755026905,-0.7803044065015394,0.2711127964467149,9.668264264859689
128,0.07826017516166135,0.8005648034309968,0.005292646299360854,0.3148172045158238,0.8215857120497958,58.00814352953785
531,-1.0326431018921296,-1.3533888581477134,-0.34796185592084583,-2.5827966329699446,-1.1539503636520094,-104.41055850022222
368,0.10086706325731179,0.38616637709836915,-0.6993179409720909,-0.5480871874725354,1.6531498325653209,104.06111057603076
464,-1.3938723556292716,-0.4490087586100963,-0.5121814114444011,-1.534958100371853,1.1567810014742463,60.478980472092104
415,-0.660608593976992,-0.3007838764760271,1.264983329856256,0.18949963754791346,-1.34841308775612,-87.63837248481398
834,0.42425261810087045,-0.2215743982040008,-0.8881882110855133,0.47329059491479947,0.7538656835623008,55.20276486682498
219,-1.2550678964572015,-1.802410108496321,1.6075083425100718,-0.012613142334174172,0.3224277228710904,21.30613276252462
533,1.9783726998796622,0.028169873189996596,0.8338512217530717,0.7315925050221388,0.6413381449722294,50.48732582298506
220,-0.23580420538372476,0.4705489111947673,0.962222381211725,-0.3600297328238711,0.6174938815678411,37.20547348286705
47,-0.7394009462202819,-0.3024331569974264,-0.003208878434988736,0.7304183331603018,0.4948927894275345,40.73620478007285
287,0.27522159888490594,-1.4536298763063142,-0.5108472982583961,0.04552197652342643,0.6320826033762621,42.52091261250773
69,-0.9571474731510168,-0.13777921428577067,0.31943183333153063,-1.4464210639833286,-0.4523502755690917,-45.578783647599465
9,0.2800784997871991,-0.5045529733467955,1.9976262903838293,0.5902590078870354,-0.2920606120476349,-13.097530623658109
503,-0.8128021008388903,1.577088212470096,-0.03057244436995809,-0.5038898877881488,1.779559084207381,112.9408137510336
251,-0.08203415314548415,0.018922103882194737,-0.8215345170195275,0.5680073592264198,0.08261103215620101,11.579523782767438
933,-2.0182818683542165,-0.5053407218978849,-0.9880966879686112,1.0374447967309102,0.15919176666881152,21.701905334166394
631,0.27450362032040343,-1.9866602747821343,-0.765097168030499,0.28466415263569333,-1.4732338804915723,-94.91924737058265
325,-3.392299993422376,-1.3455077280199745,-0.47929739755443296,0.6683389863604885,-0.953179498015071,-56.22500392316796
990,0.8717584958978293,-0.6374392034304349,0.7468138328489335,-0.21020754050076182,-0.4442030639929486,-31.791549203046333
92,-1.8059362626034217,-0.0037628171450240252,0.4448534381865086,0.5507886141027316,0.5954231567637233,45.49677383715644
182,0.09837790681547566,-0.08837552319915497,0.22246316400860677,0.20984947792305533,-1.2406245995562277,-80.2524548010879
227,-0.43592412295208854,2.5481126978151902,0.10205979106406736,-0.5717190334784398,1.0294089182309158,62.32945846624368
856,-0.5543096265713009,0.7849575212405001,-1.139802455426774,-1.951804101481602,-0.659891729729498,-64.79512554184227
352,0.12916217424037618,-1.1383239582150162,-0.4582291537024826,1.8115057048202456,-0.8690775859999118,-38.38377416485387
506,-0.014857703354702722,1.6961815728281606,0.44819528442331247,0.7726948371023817,-1.6615982911145637,-102.21636289511271
378,0.5717519912105644,2.925249584070652,-1.3788369718806728,-0.9418154744100065,-0.7028345962332642,-56.829248687953736
497,0.3688887075856658,0.36800365928054296,1.0825913704708934,-0.567767241520187,-0.591159668922353,-45.39517214570757
881,0.10481160807228165,1.304213891849503,0.7386070289928207,-0.19928005491459203,0.6693924713925414,42.379060376217055
29,-0.7110405967911112,-0.06036249439233865,-0.6701258977272965,-0.2910414632730259,0.5541275783267697,33.730824123762595
614,0.8656529228158533,-1.3707599825430605,0.3087512418366131,-1.016738648609769,-0.11477532477079817,-18.526378256422348
577,-0.42870206558582885,1.4622141707804195,1.4315677574492909,0.8179776072548057,-0.2789142751032398,-9.78340785038541
71,-0.5664398537322193,-0.795500550053291,1.5788651944164882,-1.1046165975264708,-0.030936257273958937,-13.892694741348237
226,-1.4633450608335004,-0.38583150011150147,0.6797094410202996,0.3388541621827366,0.7780035433679287,55.36749661801282
605,-0.07903467741059399,-1.1995179476375635,-0.28341000915465736,-0.38443809593426403,-0.06737499858532929,-8.599476730217042
460,-1.8184107066142372,-1.601848753587892,0.049685215936571804,-1.593839508519545,1.0183730960488082,50.644039684314976
228,0.1416671648715303,-1.0356057313844946,-0.8633555813417826,1.250569832543435,-0.2345380349087504,-2.1973876990166072
638,0.2456164279017758,0.8425887964569804,0.2957790885068872,-1.3897810188962068,-1.9536785626194064,-144.80946606055414
475,-1.3234085832238809,1.4305568155799635,-0.07633908407864096,0.8833968424560669,-1.3004398566000828,-77.01339378634141
909,0.39597621113961173,-1.8289766352959453,-0.09103266785780534,1.11699055941535,-0.27355577790782964,-6.223286780131133
877,0.5872593793998258,0.8126740421090421,1.2433193844551547,-0.8871809418450403,-0.9327890415064382,-71.53571683459218
336,-0.5109261812322631,1.5885306910975325,0.3903649435086224,0.7708369604049367,0.24316821540249173,24.429717570590874
983,2.383144774863942,0.6350314368921064,0.16667349537252904,-1.4912575927056055,0.4393917012645369,13.241193819215036
874,-0.4409226322925914,-1.2140774030941206,-0.6878376110286823,1.068509399316009,-0.45338580385138766,-18.701343353287996
394,0.9508336970037996,1.0541779089389227,2.0347625440211536,1.2165777137429403,-0.3386821854453976,-9.487129440331023
502,-1.1280113314700069,-0.26773353689396645,-0.3948495140334503,0.16092816829822298,-0.19065349358139935,-10.954088663226527
315,-0.45408036251560513,0.8805111991771105,0.19145087202391178,0.5365965205668235,0.4046954556143003,32.661418797239754
366,-0.8541612608143545,0.0330897511387602,-0.5992242774597192,0.4183980113091925,0.4355461592956535,33.44653293869246
224,-1.0192511495051297,0.9385851362497685,1.2399405498273601,1.9258057374595274,1.9517610122678137,150.42520383995924
966,-0.31204919533210973,0.33936596468119073,-2.892519821999137,1.0706060545877774,0.22291076922189032,26.29449337331051
525,-1.2493385148615423,-0.8576702045753996,0.13906415030468253,0.634386673189051,1.6292757699588614,115.14315153670917
981,-0.04225715166064269,2.259308950690852,0.3791517355550818,-0.4100496932025484,-0.017020413861440594,-5.52533918347319
383,-2.3069577654457945,-1.341704943424035,0.3097035893716593,-0.35508312245592044,-0.7515689901309381,-53.78349822142019
257,0.13317988510928508,0.7965607238585666,-0.05543902287903261,0.8139379101673242,-0.5943319714745705,-30.801804856495693
854,-0.08328839569996337,-0.6783298378739697,-0.7371851695709141,0.6726367185680938,0.259832495003476,24.485713925776317
430,0.48878574264347124,-0.36843634332291103,0.363084665238542,-0.20859932222445562,0.29740566031687127,17.542278400415526
126,-0.9933613754231354,-0.675593827630063,0.8449956030008372,-1.5579985281833963,-0.5070347697653375,-50.410774492842265
124,-0.20977058197588844,0.27390159094715666,-0.7478616721418616,-0.4499197782117475,-0.5464591314123374,-41.15992914749139
279,-0.196233964943542,1.9667639719347398,-1.8388466037584985,-1.6295836027484383,-2.121176444902436,-158.5173609397875
113,-0.2925942071580907,1.1767869623838638,-0.8721583977708226,1.602863629377136,0.4655891908949305,48.1353735037105
56,0.15364446081566638,-1.6553440383096778,1.3674149824601585,2.2320163895251777,-0.10497970101895356,16.933914774338717
102,-1.6825011485930699,-0.09783833289729178,-0.8698654758981736,-1.3484316010532704,-1.558124143502248,-118.06226228297561
976,-2.129245671531442,0.567707627858144,-0.30687296098864375,1.1878939003598135,1.016027392598705,80.29302264920184
576,0.9432607249694948,-0.7047002758562337,2.2567234972982093,-0.3122922511256933,-0.1576670161638159,-13.830840215096877
5,-1.6724445875708807,0.4834717260857332,0.4066572469576391,-0.9671270710432115,-1.010546208778625,-77.56311355226917
846,-0.2040078724765031,-0.332758764575224,-1.2595961687997215,-0.8383111556987011,0.5614499095511267,28.35401684490903
951,-0.08081161294374097,-0.9583744802265611,0.04613505895568491,-1.5329210534301274,-1.711970164094221,-130.26966112079725
541,0.3233565314802586,-1.0272968770754625,-1.012673123768591,0.32579961364062554,0.12476952104321241,11.787898882879944
403,-0.4615846048147089,-1.315907410511521,1.117016288095853,0.9444794869904138,-0.9128222254441586,-50.582550015342576
561,0.5595475579549991,0.029122145219122937,-1.1789442221216164,-1.110932224412242,2.3856216323424393,146.7394850826615
376,-2.158068563961257,0.4760313834381145,-0.5654978063746563,-0.9988487960953679,-0.7401367907395134,-59.92091065245424
387,0.4614688774411399,-0.12004112209610802,1.3363861823227936,-0.26800978339811193,-0.496608209729517,-35.895788237591816
813,-1.1041239857992617,-0.8087175319795337,0.43283762149999394,-0.020129103877537476,0.7750232632241703,51.32297191618235
793,-0.4066389699034341,-0.04028081832228678,-0.6489559274478152,1.127154514471546,-1.3248273699597244,-76.02340147643854
515,0.11566507404634657,-0.50900583859132,-1.0585718976053677,0.5125622314261221,-0.35911659506588506,-18.38920336615715
146,-0.6522935999350191,-0.6894491845499376,1.3645318481024713,-0.764143923906443,-1.4377914738015785,-103.79983314499907
955,-0.38128986980829505,-0.6126385603685591,-1.3814116506822827,-0.5888131995338436,-0.16615313560795222,-17.357955256842153
939,-1.4672493326505078,0.1500465760557719,0.37711629736859575,0.6513020587973822,0.07824115584037948,12.18139297586
777,0.7199837301431654,0.024612125247911617,0.7231004937377982,-0.4513030371025261,0.2656879749662359,12.832612074511122
4,0.09647914260523575,-0.5070599561429887,0.522083253352824,0.15579393073158895,1.5200035175007434,102.74870615767526
461,-0.27929666927837216,-0.48972502237302673,-0.2722761011450802,0.5127175234723984,0.06859922748066043,10.05534132194693
923,1.9223247554443985,-1.4227949086263427,2.2436018945826404,0.3592491565134564,-1.5824944779817585,-101.38587715376033
770,-1.3457732671621208,-0.9563119970921414,-0.2941586240537305,-1.4276754120355009,0.3529338202576331,8.173042780114894
82,-0.8900255517732389,-1.6415539548520128,-0.7161780572622408,-0.07925772549673786,-1.182103399308323,-79.45847359680435
651,-0.8076484876163557,-0.18505367100934153,0.058925589181629955,0.35548179274376907,0.8145198224878663,57.973967554231855
466,-0.20357067147347696,-0.47336092550247877,-1.7747448151886505,-0.9179843060046156,-0.6518564999305906,-53.1838918595529
36,-1.0985707275553296,-0.5494985463040403,0.2258404786026901,-1.582685641802789,0.9605572244572284,46.91882260940504
666,-0.6597112472096701,0.21790338712166898,1.3289607475532235,0.10217832694397073,0.5049947217800111,34.67668053662384
57,0.49661519848385155,0.9244340219585094,0.4195241084261415,-0.0365972929162469,-0.08422329652739403,-5.992928481935462
166,0.6444520334110423,-3.116856591599126,0.42281857467666156,-0.6036204360190907,0.7088595753671404,40.67128449591576
172,-0.9228233149968279,-0.2983231689958337,0.8253722320875148,-0.7742950804868045,-0.2693897784512403,-26.21049007815414
149,-0.20583402521873762,0.07267789910378988,-0.034475046088398256,-0.6078874462819541,-0.9333162402269223,-68.57827624073084
404,0.40746183624111043,0.6722947570124355,1.8492637284793418,-0.14963454032767076,-0.43515355172163744,-30.5407499854424
743,0.09578084709900513,2.0084415562115714,0.28468450098585707,-1.1441230796877206,-0.04588794551128878,-15.310267728765982
961,-0.6884461387207982,-0.5060765560786549,0.5978598778702686,0.034189767415725485,-0.7814846589618593,-51.601997961798176
356,0.14346392807138045,-1.056956767945215,-1.718649876612095,0.19677009008735558,0.9696237292240466,66.58777548487954
708,2.799707649086917,-1.0932261824597198,0.9079040816376845,-0.2100005391102094,1.0521534768386704,67.71760414625949
140,2.631474301847841,-1.0694771107880592,-0.3556284234610499,-1.0853574422315322,1.0693564681247263,59.48255479947446
200,1.6090449758864793,1.0651326411898605,1.6492482418776502,-1.0984168576615312,0.6897208619605296,34.097057973510935
335,-1.0093409873804438,1.8585561885911028,0.4941030260139194,0.205656674019517,-0.6764278388428852,-42.778586181953834
245,0.1508182063325936,0.5456573234700275,-0.35687152802559846,-1.723228250716323,1.7975393871259047,101.07185494049784
980,-0.17220079269688263,1.3243587499958391,0.37791010173847506,1.7699213881967337,-0.1682142227670741,7.777720229353479
925,-0.8589723884443423,1.3124703671409963,-0.8974009269018305,-0.757870860425166,-0.05008409428482209,-11.450797769434761
115,-1.5003283759785706,-0.05525899572965248,0.886293194621468,0.31402569182060314,0.37287600885243755,28.160699838569563
616,1.6217279782495952,-2.096557481215648,-0.09312279204743792,-1.5257775118655463,0.47812499636301325,15.447073123171553
960,1.4498475253612189,1.2341440357800617,-0.8840147297480863,-0.3310106034017459,0.4502888306473442,26.397350529363827
863,1.2016978556675064,0.4066570874668812,-1.1980928801910382,0.9361075501096976,0.8091802968531627,63.84002499652885
2,0.6878813911747546,0.41704350296760356,-1.2037351921997794,0.49872695831193187,-0.7379317802412297,-43.72845557284437
803,-0.7917565156434643,-1.3629409472080094,-0.5609810031317565,0.19383173692841307,1.1320051336773298,77.35457175139287
852,1.33531627679859,1.0847475766377048,-0.6808071048007712,0.38899194500304773,-0.762038959840427,-46.50732982607079
192,-1.4059629162678993,0.23810314783231212,-0.9443684908242939,-1.550429345083481,0.4173188210318355,11.13936108733218
745,0.5922056816440394,-1.3920159165580357,0.3209994661848916,-0.31746221716007195,-0.9020719714130848,-63.38877818822482
582,-0.6198047748273389,-0.1024370342132837,0.5642106403948174,-1.5514411382363107,1.610458978298244,90.47172306650722
870,0.13603121737437676,-0.21716311572416697,-0.7267120259827976,0.8261257084311929,-0.05775655837871275,5.010768925943115
62,-1.5922106283155977,-0.6861018211613559,0.2046208934196503,-0.9984846449304126,-0.6862195139210355,-56.33153794327074
979,1.4314432470965783,-0.150595108522721,1.1453613996569152,-1.7338609803145302,-1.6406012051299412,-127.67663952514764
806,0.6380240334954549,0.7930070706974272,0.1265688015307749,-1.461738342216723,-1.5487961370026657,-118.65598335886972
930,0.44386323274542566,0.12167501649282841,0.7610377251469934,0.144043571160878,1.454273506962975,98.2517948787383
170,0.5580818806186658,0.9265583009670965,2.5402316207591715,0.47706809235686526,-0.35595149304680634,-18.559028801478735
291,1.5237711976170534,-0.3362738590855785,-0.39282060354620846,0.09541187582686682,2.337409661478276,156.4588261826051
342,-1.5407970144446248,0.4814814737734624,-0.4635959746460944,-0.955945000492777,-0.34598177569938643,-33.250112091729946
841,0.26990435494076137,-0.5693120534701851,-2.739677167189557,0.09395322938556872,0.9430460873225179,63.71874153331081
676,0.043995511443988784,-0.6992152790869743,0.7938803623083801,-0.34249219025044286,-0.9994300165615204,-70.13122223874034
271,-0.37914756287992274,0.11514787314009216,-1.6606998118692633,-0.5900576458695397,-0.11048940506592783,-13.66967964808815
952,-0.019058213775291117,-0.46323585531320177,0.053432440682458976,-1.0136892725211915,-1.2775883722966503,-95.82017138853358
329,0.30627248830518367,0.4395223228337985,0.5555456030705429,-0.06794512039049865,2.3602285856534144,156.2259791003306
707,-1.363077668155705,-0.9818996930473791,-0.8496140219658459,1.1197077252488694,-0.9538609617541666,-51.434116208968966
150,-0.1977874516727299,0.8982406224036156,-0.17360823571938175,0.6772459164163702,-0.03191107563414087,5.134302886542273
173,1.1736112257517073,-0.6725830976695405,0.519269188599452,-0.3390328756905231,-0.034403749196223486,-5.9204100367468
349,0.13545466318998056,-0.8577026230468942,0.40053068459870617,0.886864686582761,1.1036939574621503,82.89741675536634
762,0.17742614225375283,-1.7262826023316769,-0.813146282044454,-0.672460447775951,-0.3595531615405413,-31.11519797441403
916,0.6764086845449899,-0.7853147218429327,-0.21758001739151095,-1.5864239252200945,0.19808703849313755,-3.825104046487011
760,-1.0928966063260301,-1.0956712289725123,0.9219348042245775,-0.8907291830614958,-0.9206263730168693,-70.76492341893366
483,-1.245658132865597,-0.21321523687182103,0.8220763567971378,-0.3287276927366077,0.6639650755262215,40.63117053032578
611,-0.08904211949649969,-0.3297423647625178,-0.14251039708016916,-1.7323273320832746,-0.37341216285032175,-43.39279180890603
249,0.0027175398906808907,-0.3934491211856633,-0.6339886593167211,-0.40435221962399975,-0.7352957182829732,-53.22922937453032
485,0.28634368889227957,1.5363770542457977,-0.6920498477843912,-0.11054065723247261,1.0201727117157997,66.65656588519298
861,0.34697901989508123,-1.037881305610973,0.6633691666174051,-0.7808196377123298,0.7246446873555784,39.82237979348133
634,0.21149701273187801,1.265077838088766,-0.03509517686967038,2.1321534105704436,0.9364457258311158,85.11818153851215
637,-1.5500141893581478,1.648504010268179,0.298977456119018,1.3978962610867354,0.05517135478023181,18.646670458486238
750,-0.16339892000648998,-0.22139049834706354,0.06349048038676916,-1.5858525751800243,1.0313191043566259,51.59051878685659
645,2.1235264229801736,0.2676708933607786,-0.0883731247324133,-0.10404881066897924,0.8812249464539311,57.48616851330329
421,0.335844721405313,1.4028447401002433,-0.9108503776386523,-0.9467404109571895,1.148350580691126,66.22083898417277
160,1.5353435440347976,0.10729133565966206,1.553282650144763,-1.2076664347223254,-0.5454435908354702,-49.211296861851935
185,0.04108222614387959,-0.3575790319685981,0.4561530358270556,0.8733118360704122,1.1997361764150378,89.1389621550791
453,0.5620131059141816,-0.4015706755129159,-0.09126701972617592,1.2520019827530315,-1.1446926312425978,-62.706852425152185
123,-0.5316059080114549,-0.7922866618061449,1.6815767162673276,-0.8402903954793065,-1.0068317522989838,-75.95710852705325
476,0.41540062617112683,0.2843145189979445,0.016338084112892493,0.38141625420917086,0.0674922572408068,8.574896750894926
835,-1.2791611070282582,2.3466470305265617,-0.8047537406378693,0.24614778868484416,0.8635196583813146,60.060968616217274
362,1.3290628465396823,0.9606933984606597,-1.184686590411552,1.8227236001279594,-0.5215796779933731,-15.155148657253878
238,-0.4932143871104978,-0.1066526736602251,0.48693730493993265,-0.9842090022728482,-0.1877949219748069,-23.033603744663303
177,2.188618678822837,0.5979464913921806,1.2834550362665254,1.144553535284558,-0.018767055539892923,11.01535575553867
944,0.6641440493586505,-0.04727771569624714,0.12253131765330154,0.4160996344158233,-0.20090753320092672,-8.901934205618382
632,0.7613911674961069,0.49444544306178945,0.3749687247031265,1.3968490876314008,-0.4328272686104105,-13.816205374079114
505,0.37195555156497806,-0.04561428277485913,-0.5764546529569822,-0.8756818272205503,0.613981308469426,31.446918433960054
345,-0.6219281582389458,-0.20239426286106618,0.21132302760997543,0.028408444639589216,-0.39806148096566424,-26.166499257901698
441,-1.05747364780153,0.003222216443155699,-1.5914478754580315,-0.3611131347398661,0.6089623416545242,36.626522350431955
702,0.43480795773115793,0.3178850972381816,0.5342011708457715,2.320799839280298,0.11709087215544195,32.65276603751118
735,-0.9456157955562912,-0.3707040032204534,-1.3183958696447342,0.44971210023199254,-0.06727560892298173,0.3446614221630586
596,-1.5776070685393473,-0.6621914435304808,0.44768321574265635,-0.2240923670629287,1.9677296821430459,128.45196054303884
87,1.0069338249190907,0.3004783719254489,0.9432737373252609,2.0060264001769927,0.3040466665196556,41.71257957258931
109,-0.5872185640245208,-0.021911236145525564,0.707872158693135,1.712724930895694,-0.6872970225507311,-27.35385053019845
454,-0.036883530845066945,0.030546581040616888,1.054324974904078,-1.5639046348397665,0.01862737066135546,-15.51779541341608
424,-0.24380379713912192,1.2353823920094769,-0.8348071635345082,-1.2489489330728745,-0.3302378932645443,-35.342552008215776
242,-0.8656336415860264,-1.0544458238911605,0.6703916888478308,0.37450028724228906,1.1550264345834975,80.82125527054849
705,-0.05872619336893859,-0.7391692003908287,-0.15589798576570357,-0.19346388279034774,1.241299220315991,80.4728807123023
664,0.6543934208908858,0.00311041837128893,0.6834978189755714,1.4379410041001381,1.1606181443434915,92.58737043872813
659,1.5551140320590677,1.3660600684033315,-0.005927405833231806,0.7435535155083369,0.21035936662981292,21.955616772030908
84,1.3257079593243715,-0.7557507604402671,0.44786966411125256,-0.6910198131753685,-2.205505355019822,-154.06891825580314
413,2.412347741512654,0.2449852070881173,-1.0125859253379639,-0.16459473198041277,0.4146135180912649,25.80802885458865
681,-0.001385042735095726,-0.056133020448757114,1.6709430327888573,-1.2261961917830193,0.18333919925760125,-0.9461562217452535
658,-0.7158649273235087,-2.4452274907787013,-2.3276040427011497,-0.7725985596624938,-0.28362545225651103,-27.13897759128565
396,-0.06174330145790107,1.548066801378739,-0.796775306306301,-0.7239287040586021,-1.1196282336804544,-82.21125511216864
887,1.3047731862522596,-0.22227272995506198,0.15197519895579154,0.19506692273323156,0.36100236573525574,26.096521204639036
367,0.3431881096157692,0.6728704681422598,-0.834518035308024,-0.3936029239222302,0.16179068805163743,6.541725970387098
544,-1.228094832615539,-1.92070559892993,0.20431859061611557,-0.6009569793824571,0.7064716137023735,40.54102397205169
397,-0.01568211160255477,0.339964983801262,0.9318483741143037,0.698457149107336,0.00377088908626934,7.734403497764134
954,-1.5706545936824716,1.1821020927663446,-0.09252812492373304,-0.5416783487002661,-0.8653023635241722,-63.345989164535226
263,2.9799761717586537,0.027098976459316197,-1.2429443054863802,1.5246464307996173,0.389194840661617,42.21712809579297
272,-0.3156031233858582,-1.040599230085145,1.2380069359584398,0.7574683300614039,-0.010056471869014538,7.447168325582187
963,1.3423536912579532,1.336235090812621,-0.897409503631337,0.7335948682293696,2.0118642631265615,141.6480576574186
661,-0.1098827793093138,-0.20289684076666706,-0.18224478378994294,-0.5854312042777726,-0.2616454457109007,-23.671907954612024
353,1.0399917847066875,1.1772320543971655,-0.19353711101102714,-0.029294403574919636,-0.2923386758511446,-19.754246443012445
419,0.4038960208359738,-0.6081012569516899,-0.048344623779819615,0.16586352265353732,1.3291412827455533,90.16435730263662
191,0.01747915902505673,-0.45553250351734315,-0.6895497777502005,0.681594518281627,-0.8034096641738411,-46.12336067796553
379,-0.6958351193495473,-1.8300285504278102,-0.40345918342080134,-0.1888347802177838,-0.412271754604543,-29.43913453748238
701,-0.13580984264368653,-0.8886452830916367,-1.1385678703154767,-0.14958950166699497,1.0726360472588732,69.72696045800666
588,-0.14515181911507696,0.2417382882925378,-1.8246930632181337,-0.04587554920336953,-1.0570642914734951,-70.7857632591179
763,0.22739277512112846,0.09945445703071175,0.021062021342063624,1.1541840304940192,0.1725044164928659,23.837995887467816
295,-1.0995315929694833,0.23101868221727617,1.5141821310077979,-0.8367710426529883,1.6127285947520869,98.28000684166336
550,1.149379383367124,-0.43046191188579297,-0.08645528271104713,0.9494055237932187,-0.16325494883317873,-0.6839339312693387
805,0.2650406022393187,-0.9055357952194951,-1.5026503635097892,-0.16028622042862792,0.002353264490822149,-1.5609009331198191
471,-0.11422555145018021,-1.0793431660249952,-0.24679355778875203,1.3185510180908366,-0.23929659114234442,-1.7854426520324456
385,-0.7546524877976943,0.9132070056428282,-0.46207753628557463,0.8810371425282456,0.7152084847550455,57.00089450086345
135,-0.9735287601736554,-0.9036909300657424,1.0114478912189466,-0.07033962015774306,0.7977949422628428,52.29929461256987
562,-0.45380404105200106,-0.3702424407043429,0.46616642603403075,-0.6872990371566635,-0.11747454641811148,-15.176083910262488
895,-0.8454413420675676,0.9072048681832477,-1.0489003714627145,0.6955183114963027,0.005938814386502598,7.8470811390776705
819,-0.8361056043714298,-2.575202626769266,-1.3882334986698628,-1.3333422788907014,0.36778401092029667,10.171308126047734
317,1.7426687806556311,0.2842796708072146,1.0479721559680528,0.175818953296028,0.4986902749098275,35.046462914846984
962,-0.30274601690425323,1.4156562261746801,1.8552462094204791,0.1408106518782359,0.4734882616664622,32.995444520822
530,-0.06713415461452177,-1.6324233020679833,-0.31754309393019925,-1.7913275480411837,-0.05858655113386085,-23.08921127799522
83,-0.8903415323551732,-0.228171237410288,1.5095769579226637,-0.5349771426628325,0.45664246117475177,24.63445770245982
20,-1.9986394755833727,-0.289005210954233,-0.13256801465371804,0.4608144771488305,0.9237965603139469,66.36940445139612
422,-1.633796017652797,-1.2028883245160027,-1.2135236027544805,-0.3434178640825921,-0.8472101779585292,-60.01859992485399
157,0.820316498146901,0.490253085634071,0.3818486737966953,0.41325597104749756,-1.0829941296420589,-67.59070480784337
45,0.16422775548733395,1.6481349322075596,-1.4718350074635869,-1.6567151023219537,-0.9855107376841507,-83.28688056377395
212,0.7772769637679556,-1.1343115937222275,-0.640725724190199,-0.7408667042040726,-0.608291150081495,-48.38908647035044
894,0.9472242712937278,1.801449208620155,0.010257816959411624,1.3101965171995604,0.09143683319114727,20.118644307678878
274,1.5427963382930518,0.5707885293815738,-0.9448701973880111,-1.6076765790431775,0.4561636113551335,13.109142229190837
255,-0.9234429683261504,-0.5198572681363137,-0.4184011597362882,0.252030988590127,1.7509188424532656,119.13559075684873
189,-1.0905086674816995,-1.9405333971697167,0.15216419000569828,-0.4436027396060996,-0.6700232805994619,-49.309196998646364
338,0.23562085796756577,-1.0952255555087331,1.5507206012024957,2.2993803999795928,1.030295627593692,93.15091032099012
812,0.3517801106813583,-1.0840366206719343,-0.2195410283312132,0.5433118913875197,0.43904295767204254,35.01746195935699
95,-0.8540957393017248,0.31306770165090136,-0.20515826376580087,0.33367432737426683,1.4940790731576061,102.93064919174721
495,0.6663830820319145,-0.6801782039968504,-0.11816404512856976,-1.3065268517353166,1.658130679618188,96.26600843622671
779,-1.1265894258719975,1.2098372221840974,-0.536270144086785,0.4727896560219311,-0.5270916102240418,-29.98559945090623
231,0.23546452538541948,1.5184829257797212,-0.7631157953450364,2.8814607131639636,-0.5938619153826878,-8.61800757831482
864,0.10482780282721457,1.1279566249333803,-0.7112857556104382,-0.8746625219888452,-0.6844015561404262,-54.88394861977442
163,0.7415510509596893,0.5698443178000909,1.4146097426889708,-0.06472838461539451,0.7247491503292603,47.50190902027894
911,1.327782695957983,-0.29039710080386677,-0.6963266538610828,-0.7049213525074453,0.6799748442451026,37.66507293783175
698,0.15895867412564327,0.23986710589527857,0.3777591697307179,0.3270662091210221,1.6315974275322715,112.004745682809
744,-0.07223875867166796,1.9612269893650154,1.4226047489690348,0.4883705904296574,0.9659361184597012,69.46691410760549
814,-2.832011869908987,-1.5799305296711237,-0.06366148878954943,1.7108365825466556,1.4144150427290236,112.38868116145579
598,0.5037794661678846,0.1869794144690471,-0.2296632432908108,-1.839566785967981,-0.21142861354225986,-33.76999016267426
416,-0.0029647514383226645,-1.5064631659717183,0.8641213313776074,-1.6134230114988033,0.4646423988660639,13.611406876703601
723,-1.6659560767977184,1.914229697062814,1.2815113403641332,-1.3693911240471572,-0.7663275989635832,-65.63277339352611
181,-0.761573388256559,-1.3479254226291204,0.02033418170524325,1.2978457906510987,-2.36417381714118,-143.3105251267865
642,0.6512100079495287,-0.0918110301344528,2.662726713718078,-0.5481374677891694,0.7257553441912135,42.38931840387795
105,-0.8868796038714378,0.7979131965667456,-0.6736641713091397,-0.4017637421265006,-0.4152313958216571,-31.91738327703238
624,-0.3828348716908777,-0.25124244717851957,-0.8147085942103097,0.9787301007225037,0.9341636251163595,72.60803230593618
253,0.2256086544711038,0.5200406145708675,0.3171606262926886,0.2869044880033464,-2.3205942757907416,-151.24427090566746
903,-0.9387914568843861,0.10031443363455474,0.24017964872746386,-0.5541288675149713,0.9666753728401993,58.34618056202504
552,-0.13594970067832085,-1.0600158227215473,2.303916697683942,-0.6280875596415789,-0.4810271184607877,-38.71771851231384
472,-0.49610233398256237,0.8299861590811032,0.29673317249411335,-0.36555108998603736,0.9380925409056456,58.465959624828095
646,0.073152713173498,0.12517461169628383,-0.9912055484724832,-0.5773962487387679,0.7361654792450189,42.76809285798773
957,-0.5525406734167292,1.021790585588673,-0.46433769143549164,-0.10128148621739935,-0.8031413873416283,-54.49367024233793
591,-0.5436940296827768,0.5711098221298226,1.6184593242319745,1.0121331898223096,-0.04413971884780624,7.9092647782805106
755,-1.66184836721825,0.26473875775570727,-0.12915348246011388,-0.779923248925003,0.08907620249656334,-2.4329910826943424
551,0.41059850193837233,-0.10321885179355784,-0.1513572082976979,-0.977277879876411,0.9500884175255894,52.70931307604537
500,0.0885801973935167,1.2073749867680006,-0.09025006997557643,1.2058185564171595,0.4189720107584767,40.78120309968264
628,-0.3533668887153445,-0.5576874600255096,0.4986546456485497,1.2459462568310147,-1.4366406646845815,-82.18612979977739
187,-0.5327027919795545,-1.7776669547337063,-1.5023965693817127,0.3305767562743739,0.9492464735582354,66.66637430877364
125,0.14630444600104425,0.5665453158182124,0.17371185298702344,-0.32473026508296,-0.5288698535561153,-38.64890425683871
747,0.27464720361244455,0.6888966666079323,0.6436312754533384,0.3711725526490392,-0.9898225495471192,-61.84574708278762
442,0.8627074340696257,0.8841146547158619,-0.07207302132209586,2.5998671643790567,1.6654495064347146,138.6078894862182
593,-0.14829257131655407,-0.3350518317977343,-0.426220312625889,-0.9265796978079369,1.0785712860973493,61.79656461447731
100,-0.4802420417382233,1.9470986428203578,-1.3651628772251687,-0.46931073627910674,0.8756956787795067,53.20486456276021
17,-1.0651481043840816,-1.1863820006817019,1.1404596739405914,-0.46954635852091076,-0.04961065867999775,-8.33005250638161
302,1.582270683515847,-0.613203812631053,0.11284963329727896,0.672007013825133,-0.6202755832323555,-34.04776470984526
234,1.4805147914344245,1.9229420264803851,-0.7474548114407578,1.9436211856492926,-0.41361898075974735,-6.680457150524216
539,1.5105247319832755,-0.20138454328274422,0.945538789447106,-0.5262433407727581,0.18209977880956646,6.471090030988565
437,-0.10800383678095793,-0.5286706589354886,0.4563633634807854,-0.42554221277144805,1.4219755592924648,90.00115308969833
633,-1.6812884503233294,-0.8574284009369552,-1.372629648387735,1.3567872450534693,2.014014092532142,148.46823473049523
685,0.4139136701102331,0.09725087697778614,-2.5933885647417103,-0.18359076347055403,0.32519871468706496,19.658457127582743
771,-0.6677202863593994,-0.5911831037644297,-0.8376780419079453,-0.011145611841841251,0.011498899870062375,0.6452508769818249
133,0.901897030868351,-1.9384589545584348,-1.1040907093221692,-2.11653617655955,-0.21506302571862082,-36.97927403046518
322,-1.4751604830313656,1.0268005788509675,0.0020750219193663992,0.1623630373820347,-0.010291316333718412,1.055276715695948
848,-0.5935203173475259,-0.8751547489139164,-1.2142172813593393,-0.7200014312908092,1.2424939128184713,74.91072384529399
690,0.8758327615873309,0.19429293804577166,-0.08593076697161273,-0.3952289826543544,-1.1594205163999132,-81.3355577027693
91,-1.240693282327165,-0.8010068495784445,0.2941886439334482,0.3495766044131568,-0.2330164573599614,-11.749924161559456
447,1.5709647086757912,-1.8731196623660062,0.34297653786693605,0.7429509766083332,0.8439889133578954,64.08519773008422
897,-0.34419645646738123,0.21839707312993703,0.442846113746739,0.15647625694629896,-0.2163439782957261,-12.710192744597554
35,-0.11858662355009231,0.8621480568842673,-1.5422881507996786,0.5498568672963908,0.0008999266711071547,5.951303540313517
776,0.6915387510701863,-0.3193284171450952,0.14195316332077967,0.5210648764527586,-0.5757879698130661,-32.70663577374115
733,1.5522431800485608,-0.6006575576577885,-0.0722870075600049,-0.30496363785442043,1.0289354925948542,65.1561350720497
537,-0.8351926901914831,0.8065637678962598,-1.684517255424883,0.9909091736848452,-0.18670911180977923,-1.7989314529426021
491,-1.5374376099035225,-0.6835675448918394,-0.2712600152319244,-0.5733674005671932,0.4248894868688368,22.111567708386584
931,0.2155530537886847,-1.7763886163465763,-1.6384236257417923,0.3191184000862824,0.30726478050559103,23.85215309955521
417,0.6079925094063972,0.24664895525244612,-1.0513903986600646,-0.9420935888731158,-0.10321275146170758,-16.957686251117238
663,-0.5098432421384791,1.3709890062911214,2.225944331738259,0.3269625954044574,0.33003511451031164,25.450415404640072
229,1.3970653013137426,-0.4813926240476333,0.09082592703632521,-1.4589407305973254,0.16987795979692444,-4.335070437307289
610,-0.17012230475116602,-0.7847847290606281,-1.4091847815561631,-1.3655527269208718,-0.20238121371907244,-28.08950405475553
581,-1.1557924789632028,-0.1742921340664021,0.19867297014966484,-0.156303468338643,-0.3088029093452499,-22.209952109755125
354,0.5140041798160635,-1.261491746790615,0.0023851979152351623,-0.2833977744562524,0.8165348797737704,51.26267239040565
455,0.025405208385016018,-0.5352701645328445,-0.4060717962598319,-0.4367483374580074,-1.6429652935306092,-113.93589553794594
159,-0.9741674350429901,0.6716165720359097,1.1363880775397395,0.9896794419358903,0.5858508058179357,49.56272717955474
50,-0.4755639821750213,0.37977138653899695,0.04537092683674632,0.06814415817952174,-0.6695713849281263,-43.79601776760323
456,1.7123052213432965,-1.0974966547702447,-0.417477349885034,1.0156652815421012,0.7010413411650971,57.50126426006001
217,-0.1880897380496502,-0.7756641079399708,1.9026181983698314,-1.6196845653727006,0.5726270172050857,20.72523848360542
179,0.40198936344470165,0.12691209270361992,1.7858704939058352,0.7065731681919482,0.010500020720820478,8.26884661281099
180,0.6052213583318579,1.057957561481885,1.7476682304976985,-0.7469163370632708,-0.004841661335047561,-8.324826807745206
982,1.4882521937955997,-1.5362436862772237,0.46566243973045984,-1.1651498407833565,0.9008264869541871,47.42046009496857
46,0.37005588784751875,-0.3994490292628752,0.5829536797532936,1.1368913626026955,0.0977249677148556,18.67991841102408
375,1.3462210732223001,-0.9724028893524976,1.496139636951632,-0.8228283242942818,-1.4902653879072982,-107.91809714496974
206,-0.4098545384398195,0.319649783134073,0.731551581862154,0.4968931448384696,-0.665041618158691,-38.90094597626432
11,-0.9711045704444846,0.27687190584612803,0.8689634868967954,-0.4668455460527625,-1.4169061131262595,-99.22555455120373
142,-0.48024903499492544,0.5009922321799466,-1.3751844793172407,0.6659671460695378,-2.53455446208423,-161.41103364603384
808,-0.2927120959421425,0.3619607107010485,-0.8716452127708096,-0.4298055100406509,0.06295935526390484,-0.4184002629673733
433,-1.2066216213524694,-1.9060746459861684,-0.16047670605228337,0.18076260698238036,-1.3129683339991836,-85.37492789848173
58,0.544144752358008,0.9541895808987649,-0.4917301080135279,-0.7083850523381071,-0.015779217120995184,-8.639323931099861
230,1.0044191922616246,0.6695623405090825,0.852829768274368,0.4809698500346235,-0.6354304386192672,-37.1024285124472
780,-1.3123941360108193,0.1561750572599972,0.7895075464057603,0.39196910263845125,0.5642871292929024,41.72456742302018
825,0.221090902956591,0.18431483979862612,-0.44172571221774953,1.0194852316393146,1.6428092343923126,120.1692706617191
488,-2.3721938715130153,-0.37595996597125914,-0.7393953025101954,-0.2789816053030303,0.5298337834749577,32.244515072544885
738,-0.7594954904290641,-1.3965352375731572,0.7550496802558879,0.9423143082769669,-2.0051254266521488,-123.24334637755959
214,0.4318854841446306,0.7617041448601343,1.5055669497573083,-0.4572167524606647,0.31739986032902434,16.20806299302734
840,0.9106456722299703,0.29871365999200894,-1.6480462063661798,-0.2554707861877691,1.6857923026593036,109.36706567372248
775,0.6620742889997063,2.171164949318166,0.101407146668211,1.0097118548117143,-1.0053118723488588,-56.03412938181941
563,1.6002678187487591,2.2904670705305388,0.540123026400494,-0.9196506900626618,2.6429357210147417,165.90023086922722
216,0.10864712471302693,-0.4723232397469547,-0.7599342678179077,-0.5838408439896756,-1.0237014524008545,-74.33119798080122
727,-0.5657813285456108,1.4509518140321274,-1.4192340808146704,-1.4561644487230898,-0.45028183481312994,-45.545629213486514
14,0.402341641177549,-1.2348258203536526,1.1394006845433007,0.7290905621775369,0.12898291075741067,16.389160805135024
267,0.852551939461232,1.4665787155741776,1.1411018666575732,-0.7614922118116231,0.8579239242923362,48.89246438138943
358,0.5270042084546597,0.008627898917576322,0.6168865543932788,0.19655740072878491,0.3547576931132181,25.697223481479675
717,-0.1285875503163606,0.4146742666092209,1.8571022697558597,-0.20496055173029631,-0.174006837508034,-13.767420971886978
970,-0.415001671109624,0.17282467544035315,1.1404884241870903,-0.7410555334041294,0.060009066957123644,-3.949491177030415
144,1.0137505474982607,0.33279821740445475,-0.48856622075462575,-0.9375093861087292,-0.3212589370580095,-31.408527142714085
293,-0.4138039890496651,0.5369879144563616,-0.3010947865234137,-0.08234364679135212,-0.4796230150738065,-32.7769558625135
31,-1.6832068070148176,0.09500266247483306,0.6342845103835338,0.7944416483012171,-0.6496164865120334,-34.6870898077809
784,1.0826722820910646,0.37317471825257814,-1.3946796415926757,-0.7977027599404173,0.46937222533875006,22.665998452861544
169,0.2125870464375366,0.5882249291179367,0.6430545453392927,0.2975143539549459,0.04402227617534797,6.115185581297957
134,0.6220104647626922,-0.04217711271655591,1.0122750427570744,0.5019926638574678,0.6923288410819711,51.41812592438948
52,-1.6300026510237087,0.4080746493461687,0.7776072813422404,0.8303860053403918,-0.5216965249478154,-25.795351621224793
156,-1.860821173997107,-0.21049814902635644,-0.2703637915368669,0.10781628703747095,-0.17355244904190487,-10.385946993127229
686,-0.5966708555383098,-0.42378824854947633,0.6795678657650824,1.4198639721964357,-0.9651066080644173,-48.9659122189244
468,0.7188971655282916,1.183119557331707,1.4969109935208271,0.6133262263287012,-0.2859591514851729,-12.44463220925941
869,1.7025701522417913,0.18970261207999575,-1.3171747888057945,-0.021869908789079875,-0.27120733989016393,-18.269473554158093
223,0.42258037227288275,-0.8244091213278345,1.618054269000225,-2.1150560151878075,1.4053654387244203,70.7942393304011
410,0.15069814378721805,1.2639302023631946,-0.5157565452853529,-1.9058178747999275,-0.5680857202871936,-58.197352546735196
152,-0.05697905497773967,-0.3394543214647789,0.38900214065347893,-0.9131215375688202,-0.17845681489726312,-21.650955557394873
386,0.6993804835878171,-0.8781903428100731,-0.24133779145310455,1.0813760344581897,-0.6313759884493888,-30.3997385271698
161,0.7337234878550057,-1.6326947661508926,-1.7762050240100316,1.1760602764537964,-0.2509223967811601,-4.085274289811585
926,0.41440587671697376,0.22941800764228448,0.9291818101673398,-0.10137442794204767,0.7466657174180171,48.566704191240945
667,1.801213990808535,-0.8152756611364586,0.597212504403425,1.2973420890928906,1.0013310173467296,80.48840739915462
602,0.2462227612764322,-1.218683829977197,0.499646955111966,-0.4190819928078221,0.39710623644977877,21.917091842173686
40,-0.09815038964295794,0.27992459904323824,-0.7380309092056887,-1.6169560443108344,-0.024326124398935636,-18.942601614563557
832,0.25723531833617574,1.3037877009643817,1.398956882627307,-1.0857035365978487,-0.6268877439627492,-53.320515539280336
836,-0.3410792095360093,-1.178042323216892,0.4909951726963742,-0.04249810979356378,0.8205020637264595,54.107615184090044
683,-1.342866619158899,1.2512923328000063,-0.6040330856396997,-0.8241472688054521,-0.16725256960323043,-19.95256141402689
937,1.1172834656881905,1.9887319185953911,0.19898949440518773,-0.20828510309499637,1.5743712374755718,102.46319501374715
654,1.070360016973174,0.293471397649822,-0.2568696973319167,-0.780279868390064,1.454035748839167,88.33229121278386
915,0.9138846582835071,-0.14948401214867044,-1.9370214074492393,0.7287815212615995,0.8855011096194773,66.6939182143722
7,-0.326318462158318,0.5128364575927565,-0.46847604467972315,-1.348424319121701,-0.4015575444993436,-41.15110408485863
648,0.7301835311296144,-1.6961312668315431,1.2729537489199108,0.10015940809062368,-0.4751751058292485,-30.525737417452376
190,0.022959755607951444,-0.852585847170647,1.6819217400731377,1.7358789976857132,-0.667712720570559,-25.80341960107546
889,-0.9880019424937344,-0.10434349149469264,-1.2845522979925272,-2.245321648371402,0.5640085350738091,13.4487054705363
77,0.8576619101224523,-0.25623269799543896,-0.3014723148616932,-0.860509747109608,-1.631219507653533,-117.69521195040667
481,1.193241135968212,-0.1654592642356894,0.4282922606938115,1.2407262388353222,-0.20361501887938824,-0.24649263700616153
24,-0.04140081155796743,-1.3597807255038137,0.42262862170882565,0.14844958138007808,0.5290452383344316,36.77180226498889
0,0.2362254895682836,-0.3232886362555003,-0.018429050193367217,-1.548471050728461,1.311427126349951,70.618082792805
350,-0.33118335017382994,0.4395502060313077,2.1815986289387745,0.2921216179508627,-0.5919081134723939,-36.231636803485
729,-1.1690957473220271,-0.7688491596748099,-0.5139029502799155,0.5670582125201824,0.9882405737426969,71.79324986683716
285,-1.5950626401298995,1.8989210228764966,0.9588875887899703,0.8594921358486817,-0.7415559723866655,-40.104032512505974
303,1.7195893074161945,1.5199948607657727,0.14206180518723566,0.6845011068591904,0.3708250012811021,31.993779507144072
399,1.4713219561423383,0.36448124924050557,-0.25957698183403943,2.339624806020058,-0.2764328450158372,6.685343244534277
167,0.007617498318158107,0.8962484253561593,-0.182904980856951,0.21524046763961155,-1.0063655216785508,-64.61658544793127
984,0.23908708037359924,-0.9733759675567485,-1.3065215229226008,-1.093895056734405,0.20579680373407996,1.9648075683392001
838,-0.33379096035356415,0.3236257646091187,0.017515613278218337,1.2697647503143041,-0.7098541821461041,-33.60000090218627
828,1.6833672812397928,-0.4802871094783762,-0.003622817236501297,0.07100880518802974,-0.49353185049503623,-32.05878649735806
987,-0.836111379500769,-1.1504377698185095,-1.0219133244269283,-0.06985649825618424,0.25011390688312557,15.88396567358153
414,-0.038243622806593144,-0.6999685201193439,1.228501896123784,-0.35746566868569973,0.08713774995332511,1.9645379983463171
872,-0.5324376589989497,-0.7338167260261783,0.9396143935074498,-2.0492319132446664,-1.2566801281681221,-105.52513851642705
97,-0.5096521817516535,1.9507753952317897,-1.7062701906250126,-1.0485529650670926,-1.4200179371789752,-105.66521187126895
586,-0.7999136231406647,-0.05992800267109062,-0.3881541924822496,-0.3249349583204991,-0.7113063597427886,-50.783030678289606
406,0.9836361957891795,2.19089801323984,0.08617684238012002,0.10058120872896319,0.5391612741141966,36.93162620779174
711,-0.1162297003871491,0.5072389511096153,1.4350493867891545,0.25871644022974566,0.27560067398405635,21.099327686909103
308,-0.36505521654625767,0.19275384906521617,-0.9191134448699437,-0.4990166379941829,0.02135122384354861,-3.926884295777965
958,1.9595620052057678,-0.04404489737594127,1.0061070670975472,-0.032996480264666096,-1.5620143418292662,-104.22668704373133
357,-0.3751471166612839,-0.30224973045507003,-0.22425893425164034,0.6764607323616232,-0.3820089555778202,-18.155437792752902
655,0.3960865849565602,1.4229834965161061,1.0170209914132444,0.39306293398009134,-0.938981572677785,-58.23030325052679
300,-1.8381767396700122,0.556964120578887,-1.522768090504186,0.5066690260283887,-0.622225471755056,-35.94895041302304
3,-0.6795930425441441,-1.0634329381546068,-1.7974558043668976,0.9132019242521776,2.211304333239493,156.83512459721914
623,-1.0342428417844647,-0.6510255933001469,0.8568306119026912,0.920858823780819,0.3187276529430212,31.0617950799817
625,0.3036039044620014,-1.82425665593783,0.7200337593416525,0.555786964082873,0.010349314566299348,6.643221154697766
132,0.22050765575717382,-0.045703960660234966,0.553132064207584,-2.655619092974933,1.5133280825732052,72.18181898369865
682,-1.8923618933173414,-0.3550287310553741,-0.3004787855854223,1.9050636405600176,-0.014777219659844777,19.429187473048998
789,0.4347888054610397,0.6498296346799787,0.1404959074394759,-0.8185041405936757,0.8188393725993478,45.68250580149093
75,-0.7842213825343839,-0.2165328718498284,-1.5199744595858677,0.6620053664519022,-0.34087441056947076,-15.574894319141443
178,1.8287754293882255,-0.4800336568182954,-1.4954108752602695,-0.2578948596093573,0.10881527091421338,4.4729365204259235
862,1.006703923922336,0.527388527565007,1.1934145851406341,0.34404613799492395,0.7071580306332684,50.711936281843705
873,0.002571182431510025,-0.4832495424791074,0.4113342428976086,0.7747283190671621,-1.8081439264982515,-111.93978398652705
801,-0.7099302410695836,0.7588295490231017,2.1101535242189025,-0.5829433945049773,-1.552680541059164,-109.49841781719445
830,0.26110618156295745,0.8406484781380934,1.3248682714787203,-0.10100251730537643,-0.587375066549224,-40.14233257259582
860,-1.2201171569315528,1.1781893644815975,0.15865193006624295,0.8961671937492677,-0.24165316263122066,-6.467798348122315
457,-0.16221844757669082,-0.39315319475411287,1.7746585609733332,0.25280350541915453,-0.4080147090398969,-24.42409576149554
467,0.5027969734526219,2.1120196236200743,0.5012493962894318,1.0061017060252493,0.02479265925104204,12.42860771644968
580,-0.11246598255955272,-1.6882300277714322,-0.026192237344250482,0.40520408032288807,0.4980524046828567,37.461799109734095
509,0.7364114036962718,0.5574867959048967,0.420141622211694,-0.8632082190710727,-1.282503414295042,-94.53468510690871
127,0.4778085626164694,1.9740999482418995,0.8732730483007036,0.19785330956715308,0.6021634895760638,42.16346594135398
269,1.738872677454511,-0.709727965846888,-0.27567053456055685,-2.01640662779976,-0.5394546333745014,-57.478306796178636
151,-0.08059851615012545,-1.212515744488909,-0.19240420779590675,2.079176664795037,-0.9074659814202977,-38.06861358094925
949,1.6683110596343254,0.6046820302458011,3.4275385470024933,-0.7525822843367995,0.04511300381296627,-5.0635754049270005
671,0.025385604406458987,-0.13783917859609385,1.0983035407325124,-0.603839552796151,-1.1495540632571182,-82.91460826053273
175,0.5897036055747239,-2.011880319244709,-0.5937774477786675,1.037585667050634,0.018791791774257802,12.366889036553752
535,0.4133850208671531,0.829629840299415,-0.1786205987004569,-1.2132523301524183,2.600671870417404,159.94390257575554
459,-0.766309651947081,0.18375349543168895,1.2671309406200715,0.33109242148839846,-0.26988113356996424,-14.399455413245583
691,-1.170261152046046,0.07992626501632083,1.2027678606142727,0.43037416359483627,-0.9519916772532259,-58.695696114858585
587,1.7369296058777373,0.6036766869570824,-0.6351763985362039,-0.43700771283686035,0.6981697387398562,41.74559321195781
694,-1.5405579718706937,-1.9892694661612838,-0.8601288762924612,-0.01932279197126341,1.0607149993421694,70.32996374379533
33,0.19939707280548574,-0.3795541206458599,-0.17724661618939888,-0.9505179454445303,-0.463996423330844,-41.039876719062114
720,-1.4723229284664896,-0.4003488150134234,-0.10039350340136602,0.5319746390071913,1.2605688450421493,89.52703488304051
971,-0.02714493066647462,1.3694021527220819,0.04019051577029376,-1.151150135626561,-1.4824759607426239,-110.91791875407473
969,0.21726668469333024,-0.8862208191746166,-1.9959768691567643,0.05227895113430126,-0.3597445764761596,-23.36268364222519
675,0.1465612178195722,0.6083219326593531,0.40432291115965197,0.5680582929035042,2.596495281153555,178.75207084339152
796,-0.2934850548893775,1.7406294458953309,-0.5110404635801098,-1.158203185184029,-1.6193599828975425,-120.0962054976086
446,-0.9562584224322828,-0.5319938094111618,0.6563907508593024,-0.2527106720416067,-0.8688625468659522,-60.486586157213026
607,0.9222066715665268,0.6140793703460803,-0.1550100930908342,0.8024563957963949,0.947251967773748,71.58971010340895
943,0.2704105592062632,-1.5922158847855856,-0.16761007899150177,0.7157834832427298,0.1586675489389538,18.220594758718015
572,-1.936279805846507,-0.05256729626954629,-0.5963140384505081,-1.188859257784029,-0.5068163542986875,-46.44109553114062
827,-0.9330778408941012,-0.3995688603234003,0.5355105697391037,-0.7088498201426061,1.4515280169745666,88.930867864268
758,-0.576241816226903,-0.22482656127015146,1.0770374729475365,-0.11059050280820729,-0.4324319785784447,-29.941428199088026
556,-0.027848380506712504,-1.571750737493182,-0.5772256235992383,0.5311313733291978,0.15190052911452323,15.7921305420596
620,-0.2680033709513803,1.9100649530990337,-0.8612256850547025,1.8675589604265699,0.9060446582753853,80.26152063563718
89,-0.968082117664578,-2.5412388076882246,0.5129168468277764,0.6234536094243824,0.8906716814313947,65.9092193041381
773,0.9965080510669072,0.2314667597932105,-1.3280046272981096,-0.4842104217389033,-0.3279180563104176,-26.99446896374123
700,1.6834579486728931,-0.028683237497593085,1.452877765517057,-0.4637044471339731,1.2061246217621702,75.23828699885148
573,-0.27510872379022433,1.4774627866530685,1.0792167763922336,-0.26065114069665046,-0.5151983709538148,-37.05317992530367
807,0.9388317263937761,1.2785291889846653,-0.5041320801637381,1.5445343659312922,-0.4137624937192986,-10.966029103367553
871,-0.44816536268070806,0.09789614541262709,0.4524890926396464,-0.9327409107943782,-1.2630683491022758,-93.9872735671507
886,-1.8921000179007488,-1.1937324518522676,-0.5504558558562481,0.530388736306182,0.5679660232045157,43.452313528651565
653,0.9623417448143452,0.45730964672081126,0.3718110814974933,-0.5863200252111324,-0.4576405942895257,-36.7150071848921
373,-1.0094005802514316,0.10475504426223023,-0.3103108495792165,-1.3322954668548208,1.8904037030816556,111.43594562239207
232,0.3843234052112453,0.5887424068075064,-1.7302760615500858,-0.9571580982754101,1.0139721541121614,57.17312253126539
791,1.5723303175352248,1.0810559440870733,0.9287419248069415,1.0122605100653357,-1.527631948178774,-90.74083641524331
774,-1.5429214471542902,-0.8425717017130081,-2.3137731131722004,-1.29636038827543,-0.09302414444422329,-20.075952041234373
996,1.0762003235376418,0.2159299177751089,1.5076155266493678,0.4586801260429108,1.1928086450620707,84.23570026926011
53,1.2818364449277098,0.09990505958835168,-1.9408824281905628,-0.15059865418995214,-0.7210639967808063,-49.563976618509365
492,0.2144060132609824,1.5466718382124196,0.00361630095070307,-0.5714784150520992,0.6655892869546318,38.13821941922644
739,0.11907108087232941,-0.5955338743056791,1.505753238757508,0.6941767203920137,-0.21420688476595026,-6.806868424024494
922,-0.0984525244254323,-0.8264385386590144,-0.7447548220484399,-0.06824160532463122,1.7133427216493664,113.20522728566797
119,-0.9117684848065237,-0.7381575979519864,1.3514235647482034,0.1997846214194241,0.9413479065104091,64.73974720223559
112,-0.8958157604108271,-0.5896320419510296,0.33905925594243025,0.013239767667533552,-0.12194492760027727,-7.967416653184834
831,-0.7639064506388854,1.3335521621534268,-0.7138098179196208,-0.7888602568316244,-1.2830469592851959,-93.77422696275305
393,-1.5669947108616022,0.03976673458649516,-0.7075056975105769,0.8214059370248115,0.6705704503109099,53.39356786890042
734,0.9240203382627827,-0.13864624371736975,0.7085199408280056,2.078229962808275,1.136592857715686,97.85009771429073
15,0.6409484468212976,-0.9840826884582233,1.8381814890366823,1.209771907313229,-1.2648000324992799,-71.14640792477059
908,1.1061914728510454,-1.620274102422562,-0.9205381630914402,0.38828881396824266,1.1159765280267424,78.37219430529386
423,-0.292459623789675,1.0341053793170707,-0.24093674651581024,-0.09323770074101535,-0.13953793548613924,-10.278198790938246
921,0.0275097020298358,1.794448805225073,-0.16137353627777912,1.3554427025944182,-0.3981481287500751,-11.95371055249502
41,-0.27429946342163053,0.5696129372942313,-0.38924079480423507,-0.46922227630417757,2.128395482538144,136.50970090171734
407,-0.3479121493261526,-1.980796468223927,-0.8877857476301128,0.1549474256969163,0.37816251960217356,26.807800928167136
712,0.045134015432010274,0.2053325637779597,1.3250140528868153,-1.2986867221630902,1.2760753460061875,70.94352982671856
571,-0.6527614493487129,-1.2217763346947719,0.01649148698086454,-2.7196793643226145,-1.0966017470927192,-102.06353955968362
487,1.821915097860406,-0.13043973378332732,0.7706730544633433,0.19286395555038602,-1.1570172808158679,-74.87460330075652
276,-0.21416665620008424,1.8495912466796365,0.019279384513077216,-1.1029062129553697,-0.1016972745548716,-18.57993979359852
956,-3.0461430547999266,-0.39238899814963674,0.4453932508947973,-0.4706376581547914,-0.216949569936649,-19.469696252167143
288,0.6417863943296603,0.6296114897054388,-0.4915523726498656,-1.5921950257634931,-1.4259504478403842,-111.88459089912794
703,-1.225435518830168,0.0875512413851909,0.9494208069257608,-0.4980324506923049,1.9295320538169858,122.97669829752365
674,0.37501991982015326,-2.2636603010358085,-2.305166855043521,-1.0357477261952128,1.17782950470566,67.22750046403783
155,-0.7917192877228303,0.6253554293826843,-1.299395463382525,-1.7141646874325451,-0.04964157077787356,-21.667610791687746
786,0.6775570335877171,0.5727513668572158,-0.4310963375107571,0.5592989813908843,-1.063695591025548,-64.74257950261416
449,1.204600466649178,0.13807164444560674,0.8893759081552546,0.5214942413110542,1.0809466698548873,77.4699606542589
162,0.02862050418778282,-1.2597873434052702,-0.04001872535163292,-1.5200392851920632,0.41785370321732596,11.500545738494203
558,-0.2229591829703795,-0.5969171117831946,0.658802141691513,0.5746089172925727,-0.48982821884726685,-26.416657501169766
817,0.0014710002454108068,0.651781261700616,0.3382254736851153,0.19272899649972683,0.6964386733914393,48.377812251433596
688,0.05182038948242156,0.6774621693464117,-0.8570781886711647,-0.8000824760846016,-1.0431294980353556,-77.94008079979534
148,-1.0124571527438062,-0.9325702298970132,-1.4269376854269915,-1.6847289588739411,-0.4994167610220383,-51.26203808253196
857,-0.6272990613145605,1.0747038579701735,-0.7043411390789783,-0.9992784708194048,0.37494836156108974,14.227071025469177
305,0.05194539579613895,-0.9072983643832422,0.4627822555257742,-0.4017809362082619,-1.6301983469660446,-112.71224086761494
815,-1.738331868174651,1.1364476270515151,0.27109098221586064,0.6133491654036357,1.8436999764775681,129.17684323480674
118,-0.6620242701618575,0.5053006114271711,-1.1361648542567175,1.3960621957013384,1.1758522964347526,93.15172184359038
334,-0.7644020289908126,0.7504825372530398,-0.5749878373674678,-0.9360094985442664,-0.19655724442099343,-23.09985853703275
409,-0.7290446587946957,-1.7815628557055914,0.19506969715138117,2.011256681463137,-0.044595426455857026,18.584100867741434
225,-1.5188686591575296,0.20823317071100667,0.07198519493602167,0.7845553343209962,1.146432013867845,84.64327857758471
482,0.8755091531413832,-0.300006659011757,-0.8795570973113842,-0.9932572174375524,-0.33462160595412205,-32.89444961835023
