,feature0,feature1,feature2,year,month,day,weather_cloudy,weather_rainy,weather_sunny
545,-0.13215295725136406,1.9068091295746192,-0.42438003917511596,0.0,0.007549804236114243,0.522049793284209,-0.6938473525256192,-0.4413123092630842,0.976248546472565
290,0.44634482185011864,-0.16095627009698987,-1.2830764539530197,0.0,-1.1966439714241013,1.4402242057316945,-0.6938473525256192,2.265968972562375,-1.0243293100033335
556,0.0009274149686261855,-0.28927237872771827,-0.3296089773065222,0.0,0.007549804236114243,0.7515933963960804,-0.6938473525256192,-0.4413123092630842,0.976248546472565
323,0.9615662197647262,-0.1344364681245389,0.5048504089178683,0.0,-1.1966439714241013,1.7845396103995015,-0.6938473525256192,2.265968972562375,-1.0243293100033335
862,0.4191992491096497,-0.3045307532560274,-0.18983848894274327,0.0,1.2117435798963296,0.7515933963960804,-0.6938473525256192,-0.4413123092630842,0.976248546472565
401,-0.9284482045775784,0.2191244624979364,-0.5672731416998271,0.0,0.007549804236114243,-0.969983626942955,1.4412391952782961,-0.4413123092630842,-1.0243293100033335
236,0.4966242836328221,1.824302721534838,-0.6570871187562889,0.0,-1.1966439714241013,0.866365197952016,-0.6938473525256192,-0.4413123092630842,0.976248546472565
41,-1.0309432141529902,-0.48023508928086395,-0.38271013307964663,0.0,-1.1966439714241013,-1.3142990316107621,1.4412391952782961,-0.4413123092630842,-1.0243293100033335
586,-1.23580250291095,0.5161513267551496,-0.9951091119126578,0.0,0.007549804236114243,0.9811369995079517,-0.6938473525256192,2.265968972562375,-1.0243293100033335
266,-1.3838196282492792,0.2181391659599227,0.4331433252061463,0.0,-1.1966439714241013,1.0959088010638873,-0.6938473525256192,-0.4413123092630842,0.976248546472565
844,-0.8019302970393927,1.5096237401932304,-0.4526875304053284,0.0,1.2117435798963296,0.6368215948401447,1.4412391952782961,-0.4413123092630842,-1.0243293100033335
605,1.714412870761869,-0.836283199624717,-0.7121660974609328,0.0,0.007549804236114243,1.2106806026198231,1.4412391952782961,-0.4413123092630842,-1.0243293100033335
133,-0.5188198417058476,-0.523545314979099,0.12416483954718266,0.0,-1.1966439714241013,-0.2813528176073409,-0.6938473525256192,-0.4413123092630842,0.976248546472565
10,0.6204333456796488,-0.32982085104839426,0.8204907555764271,0.0,-1.1966439714241013,-1.658614436278569,-0.6938473525256192,-0.4413123092630842,0.976248546472565
430,-2.0893018474092346,1.5036063996439646,2.0529473434440697,0.0,0.007549804236114243,-0.625668222275148,-0.6938473525256192,-0.4413123092630842,0.976248546472565
735,1.406910563271395,-1.3333140458358408,0.9564574927423489,0.0,1.2117435798963296,-0.625668222275148,1.4412391952782961,-0.4413123092630842,-1.0243293100033335
924,1.1809256262170351,0.35555274278084303,-0.4588781021964044,0.0,1.2117435798963296,1.4402242057316945,-0.6938473525256192,-0.4413123092630842,0.976248546472565
764,-0.09778571414671548,0.8902133942011331,1.1735225634162691,0.0,1.2117435798963296,-0.2813528176073409,-0.6938473525256192,2.265968972562375,-1.0243293100033335
553,0.586456025603105,0.972102635964993,-0.381639847260322,0.0,0.007549804236114243,0.6368215948401447,1.4412391952782961,-0.4413123092630842,-1.0243293100033335
297,-1.6350395550542378,0.5117017014468376,0.8256071336162822,0.0,-1.1966439714241013,1.4402242057316945,1.4412391952782961,-0.4413123092630842,-1.0243293100033335
76,0.33778548685977944,0.21227142849961833,0.22196268217302614,0.0,-1.1966439714241013,-0.969983626942955,-0.6938473525256192,-0.4413123092630842,0.976248546472565
672,-0.35319637175714924,0.4197923319612274,-0.15260362238145872,0.0,1.2117435798963296,-1.1995272300548263,1.4412391952782961,-0.4413123092630842,-1.0243293100033335
522,0.48573494432723374,0.27823675523604613,-0.13659826556463764,0.0,0.007549804236114243,0.2925061901723376,1.4412391952782961,-0.4413123092630842,-1.0243293100033335
354,-1.4179970474003272,-1.2072301772547067,1.155750902935758,0.0,0.007549804236114243,-1.4290708331666977,1.4412391952782961,-0.4413123092630842,-1.0243293100033335
327,1.0373991024321725,0.0015987205148898672,-1.6669188591739863,0.0,-1.1966439714241013,1.7845396103995015,-0.6938473525256192,-0.4413123092630842,0.976248546472565
756,-1.715940750189652,-1.303293899093106,-0.40409511258278125,0.0,1.2117435798963296,-0.3961246191632765,1.4412391952782961,-0.4413123092630842,-1.0243293100033335
33,0.6409692763392778,-1.1847595644250093,-1.689257295452674,0.0,-1.1966439714241013,-1.4290708331666977,1.4412391952782961,-0.4413123092630842,-1.0243293100033335
134,-0.38646123581121594,-0.6508686731699955,-0.4282400532624999,0.0,-1.1966439714241013,-0.2813528176073409,1.4412391952782961,-0.4413123092630842,-1.0243293100033335
407,-0.47674806910125983,-0.7981536737429871,0.6276369956310097,0.0,0.007549804236114243,-0.8552118253870193,1.4412391952782961,-0.4413123092630842,-1.0243293100033335
754,-0.9786442086557718,-0.14230042696472295,0.23047112343608522,0.0,1.2117435798963296,-0.3961246191632765,1.4412391952782961,-0.4413123092630842,-1.0243293100033335
583,0.8555271317082578,0.5976961389544001,0.050928849066625675,0.0,0.007549804236114243,0.9811369995079517,-0.6938473525256192,2.265968972562375,-1.0243293100033335
638,-0.2427468662612718,0.27230277186993385,-0.13622932972896848,0.0,1.2117435798963296,-1.658614436278569,-0.6938473525256192,-0.4413123092630842,0.976248546472565
644,-0.485307862825997,-0.7495078093084235,1.055722882532366,0.0,1.2117435798963296,-1.5438426347226335,1.4412391952782961,-0.4413123092630842,-1.0243293100033335
159,0.815857171793315,-0.527182896775218,-1.2161671720603109,0.0,-1.1966439714241013,-0.05180921449546947,-0.6938473525256192,-0.4413123092630842,0.976248546472565
344,-1.7711381197656115,-1.0547816757926178,2.361460761534725,0.0,0.007549804236114243,-1.5438426347226335,-0.6938473525256192,-0.4413123092630842,0.976248546472565
532,-0.7815561898688509,0.9522452171062996,0.9178574091555526,0.0,0.007549804236114243,0.4072779917282733,-0.6938473525256192,-0.4413123092630842,0.976248546472565
555,0.07236252724088038,0.5672514120053546,1.5879641810689311,0.0,0.007549804236114243,0.6368215948401447,-0.6938473525256192,-0.4413123092630842,0.976248546472565
140,0.5353976354231677,1.424429074905557,0.10976644337252801,0.0,-1.1966439714241013,-0.2813528176073409,-0.6938473525256192,2.265968972562375,-1.0243293100033335
552,-0.17012673327722952,0.7409258660291208,0.44257382371994186,0.0,0.007549804236114243,0.6368215948401447,1.4412391952782961,-0.4413123092630842,-1.0243293100033335
894,-0.7283288689499101,0.35969759060910983,-0.15441313926880576,0.0,1.2117435798963296,1.0959088010638873,1.4412391952782961,-0.4413123092630842,-1.0243293100033335
192,0.9319279940132306,-1.5133170941262388,1.7770254367773288,0.0,-1.1966439714241013,0.2925061901723376,-0.6938473525256192,-0.4413123092630842,0.976248546472565
537,-1.590318099685084,0.022033063845262307,0.6840830837040033,0.0,0.007549804236114243,0.522049793284209,-0.6938473525256192,-0.4413123092630842,0.976248546472565
770,1.7298649797607297,-0.5399224073461221,-0.31169110318979615,0.0,1.2117435798963296,-0.16658101605140516,-0.6938473525256192,2.265968972562375,-1.0243293100033335
130,0.33536938791056115,1.1085725897103982,-0.9240369970123636,0.0,-1.1966439714241013,-0.2813528176073409,1.4412391952782961,-0.4413123092630842,-1.0243293100033335
851,-0.36846978870254354,-0.09046069877736994,-0.6798438889974746,0.0,1.2117435798963296,0.6368215948401447,1.4412391952782961,-0.4413123092630842,-1.0243293100033335
640,0.34701186543857404,1.001517627328398,1.269017037092366,0.0,1.2117435798963296,-1.658614436278569,1.4412391952782961,-0.4413123092630842,-1.0243293100033335
405,0.9672970220957114,0.7502396435755545,1.5232425427622482,0.0,0.007549804236114243,-0.969983626942955,-0.6938473525256192,-0.4413123092630842,0.976248546472565
259,-0.5274646104992765,0.07495063994162592,-1.1282732729772347,0.0,-1.1966439714241013,1.0959088010638873,-0.6938473525256192,-0.4413123092630842,0.976248546472565
28,-1.0176010516758471,1.3023382369736687,0.6506804717957059,0.0,-1.1966439714241013,-1.4290708331666977,-0.6938473525256192,-0.4413123092630842,0.976248546472565
601,-0.8610417530633667,0.29814608190343334,-1.7941804282948464,0.0,0.007549804236114243,1.2106806026198231,1.4412391952782961,-0.4413123092630842,-1.0243293100033335
39,-0.6302145313145932,-0.48565293902953693,-0.07824039361639734,0.0,-1.1966439714241013,-1.3142990316107621,-0.6938473525256192,-0.4413123092630842,0.976248546472565
216,0.2947153861733753,-1.6749128749264668,-0.13720245241205725,0.0,-1.1966439714241013,0.6368215948401447,1.4412391952782961,-0.4413123092630842,-1.0243293100033335
138,-0.7872152981149815,1.913819815537044,0.6382629112717378,0.0,-1.1966439714241013,-0.2813528176073409,1.4412391952782961,-0.4413123092630842,-1.0243293100033335
654,1.163520549463377,-0.5340963694989782,0.20761524988581825,0.0,1.2117435798963296,-1.4290708331666977,-0.6938473525256192,-0.4413123092630842,0.976248546472565
2,0.5081632399628236,-0.015078262631952262,2.108222328009193,0.0,-1.1966439714241013,-1.658614436278569,1.4412391952782961,-0.4413123092630842,-1.0243293100033335
243,-0.5171733251913575,-1.905733225585257,0.40303311429847877,0.0,-1.1966439714241013,0.866365197952016,-0.6938473525256192,2.265968972562375,-1.0243293100033335
361,0.4619066025489908,0.6451128075771978,-0.05281324008459255,0.0,0.007549804236114243,-1.4290708331666977,-0.6938473525256192,2.265968972562375,-1.0243293100033335
637,0.693941809402402,-1.0974598402091937,0.3723853333205333,0.0,1.2117435798963296,-1.658614436278569,-0.6938473525256192,-0.4413123092630842,0.976248546472565
623,0.31602690136203826,1.061320271505197,0.6523330353659409,0.0,0.007549804236114243,1.4402242057316945,-0.6938473525256192,-0.4413123092630842,0.976248546472565
726,0.35107591775940106,-1.3952885319262003,-0.9623670773719096,0.0,1.2117435798963296,-0.7404400238310836,-0.6938473525256192,-0.4413123092630842,0.976248546472565
789,0.34919151409250604,0.3656570004841901,0.35922773263811103,0.0,1.2117435798963296,-0.05180921449546947,-0.6938473525256192,-0.4413123092630842,0.976248546472565
686,-1.6262293018811393,1.151849963839863,0.1871690328662346,0.0,1.2117435798963296,-1.0847554284988907,1.4412391952782961,-0.4413123092630842,-1.0243293100033335
635,0.3440897698542955,0.433649180724328,-1.6440121261576117,0.0,1.2117435798963296,-1.658614436278569,-0.6938473525256192,2.265968972562375,-1.0243293100033335
135,0.9756621767485871,-0.8987054830018056,2.5449169158286375,0.0,-1.1966439714241013,-0.2813528176073409,-0.6938473525256192,2.265968972562375,-1.0243293100033335
647,0.967566895324021,-0.49747349885547854,-0.9471091728807773,0.0,1.2117435798963296,-1.5438426347226335,-0.6938473525256192,2.265968972562375,-1.0243293100033335
6,-1.0572740118955446,1.2050929239894643,-1.1155164724692124,0.0,-1.1966439714241013,-1.658614436278569,-0.6938473525256192,-0.4413123092630842,0.976248546472565
616,-1.4274392465104022,0.09466099218348956,2.4238620534345974,0.0,0.007549804236114243,1.3254524041757587,-0.6938473525256192,-0.4413123092630842,0.976248546472565
404,0.17386907616726313,0.28917194399146323,0.8462615502992856,0.0,0.007549804236114243,-0.969983626942955,1.4412391952782961,-0.4413123092630842,-1.0243293100033335
203,-1.714604994911591,-0.7613787531478052,-0.3106745161425262,0.0,-1.1966439714241013,0.4072779917282733,1.4412391952782961,-0.4413123092630842,-1.0243293100033335
550,1.2340201301546279,-0.35414048400983283,1.3141345890790084,0.0,0.007549804236114243,0.6368215948401447,-0.6938473525256192,-0.4413123092630842,0.976248546472565
607,0.08477614856729969,0.357068939147773,1.4930696227660338,0.0,0.007549804236114243,1.2106806026198231,1.4412391952782961,-0.4413123092630842,-1.0243293100033335
398,-0.009467432732400733,0.0010241032015969832,0.7770102025010225,0.0,0.007549804236114243,-0.969983626942955,-0.6938473525256192,2.265968972562375,-1.0243293100033335
262,0.2689646211048988,-0.9893891701701671,-0.05197689756619352,0.0,-1.1966439714241013,1.0959088010638873,-0.6938473525256192,2.265968972562375,-1.0243293100033335
374,-0.6764437193573583,1.0247324663387307,2.4099500757537062,0.0,0.007549804236114243,-1.3142990316107621,-0.6938473525256192,-0.4413123092630842,0.976248546472565
625,-0.11952320397463397,0.14673003491157866,1.0648178059175608,0.0,0.007549804236114243,1.4402242057316945,-0.6938473525256192,-0.4413123092630842,0.976248546472565
527,0.19372633374931555,0.14705869488634316,-0.6739365951423892,0.0,0.007549804236114243,0.4072779917282733,-0.6938473525256192,-0.4413123092630842,0.976248546472565
322,0.6299397347423722,-0.2183763690688244,0.2280975372042235,0.0,-1.1966439714241013,1.669767808843566,-0.6938473525256192,-0.4413123092630842,0.976248546472565
168,-0.9022999721343221,-0.13782791982662693,-0.2307003551674926,0.0,-1.1966439714241013,0.06296258706046622,1.4412391952782961,-0.4413123092630842,-1.0243293100033335
263,0.11226451205645269,-0.8041050543662549,0.6070836174505655,0.0,-1.1966439714241013,1.0959088010638873,1.4412391952782961,-0.4413123092630842,-1.0243293100033335
937,-2.1799116711542386,0.5113642647686156,-0.7370486544226702,0.0,1.2117435798963296,1.669767808843566,-0.6938473525256192,-0.4413123092630842,0.976248546472565
852,-0.9915526994018458,0.5784044468822201,1.0027109400808731,0.0,1.2117435798963296,0.6368215948401447,-0.6938473525256192,-0.4413123092630842,0.976248546472565
13,0.3957470312012856,-1.6810596484642035,-0.6231953809554893,0.0,-1.1966439714241013,-1.5438426347226335,-0.6938473525256192,-0.4413123092630842,0.976248546472565
20,0.5387079623344633,0.6517796779823242,-2.0741453258181823,0.0,-1.1966439714241013,-1.5438426347226335,1.4412391952782961,-0.4413123092630842,-1.0243293100033335
371,0.10790593535321598,-0.3623294092480622,0.8553609959470289,0.0,0.007549804236114243,-1.3142990316107621,-0.6938473525256192,2.265968972562375,-1.0243293100033335
688,0.30992817164022674,-0.05447019443901224,-0.787237508718755,0.0,1.2117435798963296,-1.0847554284988907,1.4412391952782961,-0.4413123092630842,-1.0243293100033335
26,-0.1442647699267481,-0.4812959393187106,1.2005579967070463,0.0,-1.1966439714241013,-1.4290708331666977,-0.6938473525256192,2.265968972562375,-1.0243293100033335
879,0.5357905481292421,0.41952782644271325,2.1609316753811507,0.0,1.2117435798963296,0.9811369995079517,-0.6938473525256192,-0.4413123092630842,0.976248546472565
121,1.543828349188328,1.815635863878406,-0.8529614790966144,0.0,-1.1966439714241013,-0.3961246191632765,-0.6938473525256192,-0.4413123092630842,0.976248546472565
796,-0.1085768426500876,0.07354877099095385,1.173225656985528,0.0,1.2117435798963296,0.06296258706046622,-0.6938473525256192,2.265968972562375,-1.0243293100033335
460,-0.9373120895111752,0.7514705131211539,1.5165222615088563,0.0,0.007549804236114243,-0.2813528176073409,-0.6938473525256192,2.265968972562375,-1.0243293100033335
47,-0.8342900132816806,0.21373334331582605,0.5369648578438788,0.0,-1.1966439714241013,-1.1995272300548263,-0.6938473525256192,-0.4413123092630842,0.976248546472565
874,1.5521986852203447,1.8292330713913987,0.15234588200295854,0.0,1.2117435798963296,0.866365197952016,-0.6938473525256192,-0.4413123092630842,0.976248546472565
645,-1.1528728790603533,1.0961406086850467,-0.29872362868521524,0.0,1.2117435798963296,-1.5438426347226335,1.4412391952782961,-0.4413123092630842,-1.0243293100033335
4,0.1344067265959107,0.2835710574667391,-0.45018030454696123,0.0,-1.1966439714241013,-1.658614436278569,1.4412391952782961,-0.4413123092630842,-1.0243293100033335
440,0.24137917452777016,-0.6832601395604577,1.3512732163308048,0.0,0.007549804236114243,-0.5108964207192123,1.4412391952782961,-0.4413123092630842,-1.0243293100033335
929,0.9935561275073229,0.8460516525002558,0.48890319127478243,0.0,1.2117435798963296,1.55499600728763,-0.6938473525256192,-0.4413123092630842,0.976248546472565
773,0.45652194345768465,0.7487141603552027,-2.2092262877983897,0.0,1.2117435798963296,-0.16658101605140516,-0.6938473525256192,-0.4413123092630842,0.976248546472565
702,1.1684154480057807,0.148513242049477,-0.14445806725026475,0.0,1.2117435798963296,-0.969983626942955,-0.6938473525256192,-0.4413123092630842,0.976248546472565
572,1.8899042225792269,0.4769642465557324,-0.18508771123986092,0.0,0.007549804236114243,0.866365197952016,1.4412391952782961,-0.4413123092630842,-1.0243293100033335
549,-1.283789516620631,-1.5413069453039019,-1.218408017224021,0.0,0.007549804236114243,0.6368215948401447,-0.6938473525256192,2.265968972562375,-1.0243293100033335
849,-0.08503112083707483,0.8177781244819279,0.028702060590842633,0.0,1.2117435798963296,0.6368215948401447,-0.6938473525256192,-0.4413123092630842,0.976248546472565
621,0.6071207629315828,-0.16861571096890746,0.7228387039999629,0.0,0.007549804236114243,1.4402242057316945,-0.6938473525256192,-0.4413123092630842,0.976248546472565
646,-0.10555476258043743,-0.5580476393372201,-1.7355733862577964,0.0,1.2117435798963296,-1.5438426347226335,-0.6938473525256192,-0.4413123092630842,0.976248546472565
328,1.5892795418784569,0.9633494259285771,0.6284679795622916,0.0,-1.1966439714241013,1.7845396103995015,-0.6938473525256192,-0.4413123092630842,0.976248546472565
49,0.03328448322633769,1.0129059751136635,0.7463512808350898,0.0,-1.1966439714241013,-1.1995272300548263,1.4412391952782961,-0.4413123092630842,-1.0243293100033335
900,0.8936334155532222,-2.7047463349224743,-0.4523184822945405,0.0,1.2117435798963296,1.2106806026198231,-0.6938473525256192,-0.4413123092630842,0.976248546472565
533,0.013699689341426109,-0.4623324433950737,-0.7555877128950199,0.0,0.007549804236114243,0.4072779917282733,-0.6938473525256192,2.265968972562375,-1.0243293100033335
388,1.7876069223366897,-0.09057245705418002,-1.2165876399177897,0.0,0.007549804236114243,-1.0847554284988907,-0.6938473525256192,2.265968972562375,-1.0243293100033335
873,0.852550351859555,0.05272666380598727,0.33677884140838127,0.0,1.2117435798963296,0.866365197952016,1.4412391952782961,-0.4413123092630842,-1.0243293100033335
806,1.3047192492875206,-1.710439859383139,-0.5066137256010007,0.0,1.2117435798963296,0.17773438861640192,-0.6938473525256192,-0.4413123092630842,0.976248546472565
942,-0.2269049104482169,-0.3134346068033684,-0.6341643892621845,0.0,1.2117435798963296,1.669767808843566,-0.6938473525256192,-0.4413123092630842,0.976248546472565
865,-0.7894366689836985,-1.4049585327414482,1.4195833502661128,0.0,1.2117435798963296,0.866365197952016,1.4412391952782961,-0.4413123092630842,-1.0243293100033335
162,-0.3143371516153075,0.1205843350615329,0.7814073640700727,0.0,-1.1966439714241013,0.06296258706046622,-0.6938473525256192,-0.4413123092630842,0.976248546472565
736,-0.340950399613263,1.0550698870813002,0.25645885527949375,0.0,1.2117435798963296,-0.625668222275148,1.4412391952782961,-0.4413123092630842,-1.0243293100033335
182,0.4931102717537149,-0.8929811677231791,-1.7397118248373729,0.0,-1.1966439714241013,0.17773438861640192,-0.6938473525256192,-0.4413123092630842,0.976248546472565
400,1.0652984361519846,2.025872307285561,0.3248636905446186,0.0,0.007549804236114243,-0.969983626942955,-0.6938473525256192,-0.4413123092630842,0.976248546472565
788,1.108455359826262,-0.18574329068216094,-0.46098133735874347,0.0,1.2117435798963296,-0.05180921449546947,-0.6938473525256192,-0.4413123092630842,0.976248546472565
814,0.05495718821393923,1.2433099227804287,-0.5707709650587701,0.0,1.2117435798963296,0.2925061901723376,1.4412391952782961,-0.4413123092630842,-1.0243293100033335
680,0.45307568350061195,-3.182721582911774,0.7574568686635965,0.0,1.2117435798963296,-1.1995272300548263,-0.6938473525256192,-0.4413123092630842,0.976248546472565
742,1.7140672347816581,-0.7737958299634878,-1.074208191979855,0.0,1.2117435798963296,-0.5108964207192123,-0.6938473525256192,-0.4413123092630842,0.976248546472565
834,-0.2830227424487651,-0.8235415609053176,-1.4705550077932883,0.0,1.2117435798963296,0.522049793284209,-0.6938473525256192,2.265968972562375,-1.0243293100033335
48,1.6015508492520896,0.7627258100112784,0.01374009428046606,0.0,-1.1966439714241013,-1.1995272300548263,-0.6938473525256192,2.265968972562375,-1.0243293100033335
64,0.35715342489400215,1.7380480729166095,0.8896158103316858,0.0,-1.1966439714241013,-1.0847554284988907,1.4412391952782961,-0.4413123092630842,-1.0243293100033335
334,0.2760914312181675,0.9420976931663279,0.5653793271591735,0.0,0.007549804236114243,-1.658614436278569,-0.6938473525256192,-0.4413123092630842,0.976248546472565
396,0.7624640100941406,-0.020622915051915575,-0.09566268720915777,0.0,0.007549804236114243,-0.969983626942955,-0.6938473525256192,2.265968972562375,-1.0243293100033335
663,1.104046124705064,-1.1326431635063736,-0.15901986312940447,0.0,1.2117435798963296,-1.3142990316107621,1.4412391952782961,-0.4413123092630842,-1.0243293100033335
519,-1.9276380634524073,0.35375450665447183,-1.4830432663981292,0.0,0.007549804236114243,0.2925061901723376,1.4412391952782961,-0.4413123092630842,-1.0243293100033335
44,0.9699193940904648,0.6763849718833811,0.09412951964871548,0.0,-1.1966439714241013,-1.3142990316107621,-0.6938473525256192,-0.4413123092630842,0.976248546472565
864,0.2686119661839463,-0.07319805710391922,-0.38810492356644033,0.0,1.2117435798963296,0.866365197952016,1.4412391952782961,-0.4413123092630842,-1.0243293100033335
241,-0.6145864381093751,0.20280468030344537,0.2975594705774913,0.0,-1.1966439714241013,0.866365197952016,-0.6938473525256192,-0.4413123092630842,0.976248546472565
498,-0.4192026685105787,-0.15868423643440102,-0.21747013678571195,0.0,0.007549804236114243,0.06296258706046622,1.4412391952782961,-0.4413123092630842,-1.0243293100033335
335,1.2545540972327653,-2.1149849931690587,-1.3399788611755639,0.0,0.007549804236114243,-1.658614436278569,1.4412391952782961,-0.4413123092630842,-1.0243293100033335
58,0.44977537189139655,1.0052225651114053,-0.08923516924514494,0.0,-1.1966439714241013,-1.0847554284988907,1.4412391952782961,-0.4413123092630842,-1.0243293100033335
36,-0.6475840225470471,-0.38097021930520075,-1.0753591148124286,0.0,-1.1966439714241013,-1.3142990316107621,-0.6938473525256192,2.265968972562375,-1.0243293100033335
848,0.49872319184846775,1.84611389476215,-0.7017445721987452,0.0,1.2117435798963296,0.6368215948401447,-0.6938473525256192,-0.4413123092630842,0.976248546472565
1,-0.27873030934132287,0.32602858427009074,-0.6040475980620236,0.0,-1.1966439714241013,-1.658614436278569,-0.6938473525256192,-0.4413123092630842,0.976248546472565
930,-0.750550170063618,-1.6993006233735244,-0.26096700375330484,0.0,1.2117435798963296,1.55499600728763,1.4412391952782961,-0.4413123092630842,-1.0243293100033335
807,1.125615271160926,-1.086707676164404,1.1536114392880048,0.0,1.2117435798963296,0.17773438861640192,1.4412391952782961,-0.4413123092630842,-1.0243293100033335
727,0.8497991395896677,0.19283628729751237,-0.8731504021825005,0.0,1.2117435798963296,-0.625668222275148,-0.6938473525256192,-0.4413123092630842,0.976248546472565
339,-0.17783480546589212,-0.5365092188509829,0.7444226743887848,0.0,0.007549804236114243,-1.658614436278569,-0.6938473525256192,-0.4413123092630842,0.976248546472565
650,-0.1874101618186644,-0.765437871489769,-1.6220372524320872,0.0,1.2117435798963296,-1.5438426347226335,1.4412391952782961,-0.4413123092630842,-1.0243293100033335
17,2.3732828967087642,-0.23922230386891857,0.04886616916816241,0.0,-1.1966439714241013,-1.5438426347226335,-0.6938473525256192,-0.4413123092630842,0.976248546472565
365,1.1260874908025786,0.2905848680898132,-0.8412987995383087,0.0,0.007549804236114243,-1.3142990316107621,1.4412391952782961,-0.4413123092630842,-1.0243293100033335
763,0.3362535952687926,0.4241380018832012,0.5335016146840191,0.0,1.2117435798963296,-0.2813528176073409,1.4412391952782961,-0.4413123092630842,-1.0243293100033335
524,-0.13403770798976644,-0.042350686262171595,1.0142627416703354,0.0,0.007549804236114243,0.2925061901723376,-0.6938473525256192,-0.4413123092630842,0.976248546472565
819,-0.16863148171522227,-0.8209361898618939,0.9596393017220269,0.0,1.2117435798963296,0.2925061901723376,-0.6938473525256192,-0.4413123092630842,0.976248546472565
171,-0.061035468255861966,1.4644676385986302,1.4525567923701868,0.0,-1.1966439714241013,0.06296258706046622,-0.6938473525256192,-0.4413123092630842,0.976248546472565
257,-0.1904236556604314,-1.0761330409571757,0.46940174858241773,0.0,-1.1966439714241013,1.0959088010638873,1.4412391952782961,-0.4413123092630842,-1.0243293100033335
593,-0.44207083130598707,0.3299377934089485,0.19653202062573946,0.0,0.007549804236114243,1.0959088010638873,1.4412391952782961,-0.4413123092630842,-1.0243293100033335
444,0.7123107722590334,-0.7853224725954151,-1.1034721592652905,0.0,0.007549804236114243,-0.5108964207192123,-0.6938473525256192,2.265968972562375,-1.0243293100033335
321,-1.002255790022878,-0.31540043103260573,0.23609435197795725,0.0,-1.1966439714241013,1.669767808843566,1.4412391952782961,-0.4413123092630842,-1.0243293100033335
15,0.9093690321508469,0.13683173503303628,-0.9461741613226086,0.0,-1.1966439714241013,-1.5438426347226335,1.4412391952782961,-0.4413123092630842,-1.0243293100033335
148,-1.6147539438299219,-0.11341991575144342,1.4852096677193591,0.0,-1.1966439714241013,-0.16658101605140516,1.4412391952782961,-0.4413123092630842,-1.0243293100033335
538,0.9672753855727216,0.8857864221194767,-0.5120306316744215,0.0,0.007549804236114243,0.522049793284209,-0.6938473525256192,-0.4413123092630842,0.976248546472565
843,0.21326100687033084,0.3456054878142955,0.8328301610909548,0.0,1.2117435798963296,0.6368215948401447,-0.6938473525256192,-0.4413123092630842,0.976248546472565
3,-0.57540403950739,-1.144028032064118,-1.268075784729777,0.0,-1.1966439714241013,-1.658614436278569,1.4412391952782961,-0.4413123092630842,-1.0243293100033335
353,1.0032017604558048,-1.1893177590915391,-0.6300086474389386,0.0,0.007549804236114243,-1.4290708331666977,-0.6938473525256192,-0.4413123092630842,0.976248546472565
410,-0.9629217707523166,-0.9918122604221963,2.3475734796111825,0.0,0.007549804236114243,-0.8552118253870193,-0.6938473525256192,-0.4413123092630842,0.976248546472565
944,0.23972871650432373,-1.2384034076611317,-0.7045817608975923,0.0,1.2117435798963296,1.669767808843566,-0.6938473525256192,-0.4413123092630842,0.976248546472565
847,0.02356898065976151,1.462874685109538,0.22526007991505667,0.0,1.2117435798963296,0.6368215948401447,1.4412391952782961,-0.4413123092630842,-1.0243293100033335
254,0.16165270977046234,-2.0051959602412994,-1.0123955183417355,0.0,-1.1966439714241013,0.9811369995079517,1.4412391952782961,-0.4413123092630842,-1.0243293100033335
793,-1.7649989900984582,-0.013470632219544488,-0.3890501811399126,0.0,1.2117435798963296,0.06296258706046622,1.4412391952782961,-0.4413123092630842,-1.0243293100033335
176,0.5213490866878614,0.9441760037904591,-0.4787089414808309,0.0,-1.1966439714241013,0.17773438861640192,1.4412391952782961,-0.4413123092630842,-1.0243293100033335
59,0.01834151600846218,0.059158134790868136,0.025193019860700144,0.0,-1.1966439714241013,-1.0847554284988907,-0.6938473525256192,2.265968972562375,-1.0243293100033335
169,0.16881779475359457,-0.8415520621925954,1.7400894423080657,0.0,-1.1966439714241013,0.06296258706046622,-0.6938473525256192,-0.4413123092630842,0.976248546472565
124,0.34728795770683357,0.8621048038662592,0.972384566810138,0.0,-1.1966439714241013,-0.3961246191632765,-0.6938473525256192,-0.4413123092630842,0.976248546472565
433,0.3479560229999434,0.49782856490723904,0.5709922686794567,0.0,0.007549804236114243,-0.625668222275148,1.4412391952782961,-0.4413123092630842,-1.0243293100033335
774,1.072923343038852,0.006548974989714903,0.1658050941436861,0.0,1.2117435798963296,-0.16658101605140516,-0.6938473525256192,-0.4413123092630842,0.976248546472565
415,2.0678797187803557,1.139674700376944,-0.3608944407501652,0.0,0.007549804236114243,-0.8552118253870193,-0.6938473525256192,-0.4413123092630842,0.976248546472565
733,0.5291187510866675,-0.7174684756765644,0.1568753080239458,0.0,1.2117435798963296,-0.625668222275148,-0.6938473525256192,-0.4413123092630842,0.976248546472565
485,-1.6214634248944266,0.3567955701792877,1.800426262006823,0.0,0.007549804236114243,-0.05180921449546947,-0.6938473525256192,-0.4413123092630842,0.976248546472565
395,-0.4194536372799789,-0.6256596597183905,0.10519480384284377,0.0,0.007549804236114243,-1.0847554284988907,-0.6938473525256192,2.265968972562375,-1.0243293100033335
634,1.282295617215001,-0.19580718191953184,-1.080213846540647,0.0,1.2117435798963296,-1.658614436278569,-0.6938473525256192,-0.4413123092630842,0.976248546472565
595,-0.2295245126284787,0.3667621666756873,1.7011168366725604,0.0,0.007549804236114243,1.0959088010638873,-0.6938473525256192,-0.4413123092630842,0.976248546472565
469,-0.37065086666063757,0.43072672094881836,0.6230402482575143,0.0,0.007549804236114243,-0.2813528176073409,-0.6938473525256192,-0.4413123092630842,0.976248546472565
757,0.15139780746903628,0.5072124448681407,0.8131620484588378,0.0,1.2117435798963296,-0.3961246191632765,-0.6938473525256192,2.265968972562375,-1.0243293100033335
512,-0.45460006680257214,0.04990644131538322,0.439820037752938,0.0,0.007549804236114243,0.17773438861640192,1.4412391952782961,-0.4413123092630842,-1.0243293100033335
568,-1.1437614704393775,0.6604419831342533,-1.3291782613564194,0.0,0.007549804236114243,0.866365197952016,-0.6938473525256192,-0.4413123092630842,0.976248546472565
61,0.8623330244099593,0.5529225732204857,-1.0329502127440386,0.0,-1.1966439714241013,-1.0847554284988907,-0.6938473525256192,-0.4413123092630842,0.976248546472565
913,-0.07237081216864835,0.06722096378420644,-1.1767768941506869,0.0,1.2117435798963296,1.3254524041757587,-0.6938473525256192,-0.4413123092630842,0.976248546472565
369,-0.018923497992176054,-0.5829265601753268,1.4196670884394464,0.0,0.007549804236114243,-1.3142990316107621,-0.6938473525256192,2.265968972562375,-1.0243293100033335
893,-0.08122988562584815,1.104435495793341,2.2047254332106303,0.0,1.2117435798963296,1.0959088010638873,-0.6938473525256192,-0.4413123092630842,0.976248546472565
649,-0.017056723901648096,-0.4020455397943408,0.4933435690203203,0.0,1.2117435798963296,-1.5438426347226335,-0.6938473525256192,2.265968972562375,-1.0243293100033335
699,-0.4946724420389003,1.1055257041900084,-0.512023165702102,0.0,1.2117435798963296,-0.969983626942955,1.4412391952782961,-0.4413123092630842,-1.0243293100033335
212,-0.6249369189755322,0.12860515770598996,-0.6715309480919889,0.0,-1.1966439714241013,0.522049793284209,-0.6938473525256192,-0.4413123092630842,0.976248546472565
188,0.10422564838169239,-1.0689437343686548,-0.9590256997049238,0.0,-1.1966439714241013,0.2925061901723376,-0.6938473525256192,-0.4413123092630842,0.976248546472565
217,1.658824165547182,1.3867965309867387,1.0579458701645108,0.0,-1.1966439714241013,0.6368215948401447,1.4412391952782961,-0.4413123092630842,-1.0243293100033335
837,0.7343408272313515,1.0101046519628587,-0.5126672453963754,0.0,1.2117435798963296,0.522049793284209,-0.6938473525256192,-0.4413123092630842,0.976248546472565
83,1.3583220815811925,-0.952368867525126,-1.9148305705407545,0.0,-1.1966439714241013,-0.8552118253870193,-0.6938473525256192,-0.4413123092630842,0.976248546472565
452,-1.0401295980634064,1.8724222926409264,-1.4651733463200034,0.0,0.007549804236114243,-0.3961246191632765,-0.6938473525256192,-0.4413123092630842,0.976248546472565
358,-1.7979865239835784,0.36186327568945365,0.7693863818792158,0.0,0.007549804236114243,-1.4290708331666977,-0.6938473525256192,2.265968972562375,-1.0243293100033335
901,-1.343685213199425,0.9443083711796438,0.33030284440384344,0.0,1.2117435798963296,1.2106806026198231,1.4412391952782961,-0.4413123092630842,-1.0243293100033335
426,1.433338135459246,-0.3780320973832302,0.26164811460767784,0.0,0.007549804236114243,-0.7404400238310836,-0.6938473525256192,-0.4413123092630842,0.976248546472565
82,-1.2822285277594354,0.8947829988019084,-1.582438943272222,0.0,-1.1966439714241013,-0.8552118253870193,1.4412391952782961,-0.4413123092630842,-1.0243293100033335
116,-0.06472244153741646,0.45923432885598225,-0.26702552645242283,0.0,-1.1966439714241013,-0.5108964207192123,-0.6938473525256192,-0.4413123092630842,0.976248546472565
898,0.1250880682144141,2.4694733767145935,-1.187452513761385,0.0,1.2117435798963296,1.2106806026198231,1.4412391952782961,-0.4413123092630842,-1.0243293100033335
629,0.9483558682081183,-0.011870930347102153,-0.3126421685926686,0.0,0.007549804236114243,1.4402242057316945,-0.6938473525256192,-0.4413123092630842,0.976248546472565
797,0.30451033449932313,-0.8760033569260748,-0.867266718752942,0.0,1.2117435798963296,0.06296258706046622,-0.6938473525256192,-0.4413123092630842,0.976248546472565
907,1.1311176211108638,0.7262844104977804,-0.2548789547485316,0.0,1.2117435798963296,1.3254524041757587,-0.6938473525256192,-0.4413123092630842,0.976248546472565
227,0.5714750322131591,-0.04096239070134625,-1.4061083802130152,0.0,-1.1966439714241013,0.7515933963960804,1.4412391952782961,-0.4413123092630842,-1.0243293100033335
54,-1.0681083707199446,-1.0853145447439017,0.9849351135514349,0.0,-1.1966439714241013,-1.1995272300548263,-0.6938473525256192,2.265968972562375,-1.0243293100033335
712,-0.08313636107346282,0.9776885287726942,-1.4744640555518271,0.0,1.2117435798963296,-0.8552118253870193,-0.6938473525256192,-0.4413123092630842,0.976248546472565
232,0.5945161566970945,-1.283925188991398,-2.3964149514449473,0.0,-1.1966439714241013,0.7515933963960804,-0.6938473525256192,-0.4413123092630842,0.976248546472565
700,-0.6317205520376555,0.22944116364296158,-2.101014407504109,0.0,1.2117435798963296,-0.969983626942955,-0.6938473525256192,2.265968972562375,-1.0243293100033335
160,-0.33068421185488145,-0.795412420518481,-0.7172347516526006,0.0,-1.1966439714241013,-0.05180921449546947,-0.6938473525256192,-0.4413123092630842,0.976248546472565
194,-0.5684693160341827,-0.18380814748893456,0.704015756727775,0.0,-1.1966439714241013,0.4072779917282733,-0.6938473525256192,-0.4413123092630842,0.976248546472565
244,0.5746171297486331,0.5106828254529434,1.0193701815151655,0.0,-1.1966439714241013,0.866365197952016,-0.6938473525256192,-0.4413123092630842,0.976248546472565
887,0.02662569774938445,0.00931658950682329,0.30735601311327954,0.0,1.2117435798963296,1.0959088010638873,-0.6938473525256192,-0.4413123092630842,0.976248546472565
665,-1.1161636508703763,1.233329948581166,-0.19862918820921482,0.0,1.2117435798963296,-1.3142990316107621,-0.6938473525256192,2.265968972562375,-1.0243293100033335
786,1.014888361143963,-0.0414798632803423,2.339675057569829,0.0,1.2117435798963296,-0.05180921449546947,1.4412391952782961,-0.4413123092630842,-1.0243293100033335
804,0.7827876670585735,0.6306618863850294,0.09244325457633105,0.0,1.2117435798963296,0.17773438861640192,1.4412391952782961,-0.4413123092630842,-1.0243293100033335
850,0.36012759800061334,2.3539631053606525,0.34974521116256624,0.0,1.2117435798963296,0.6368215948401447,-0.6938473525256192,-0.4413123092630842,0.976248546472565
801,-0.37751712904797885,-0.8481581819903048,-0.3268206122880337,0.0,1.2117435798963296,0.06296258706046622,-0.6938473525256192,-0.4413123092630842,0.976248546472565
631,-0.36772038608293706,-0.8401350641386298,-1.0030260627723313,0.0,1.2117435798963296,-1.658614436278569,-0.6938473525256192,-0.4413123092630842,0.976248546472565
149,1.5631555818299654,0.1430445054472982,0.046095820315651605,0.0,-1.1966439714241013,-0.16658101605140516,-0.6938473525256192,-0.4413123092630842,0.976248546472565
305,-1.0054910120803724,0.15329144437929768,-2.2926412436345003,0.0,-1.1966439714241013,1.55499600728763,1.4412391952782961,-0.4413123092630842,-1.0243293100033335
209,0.7847101679880671,-0.8731775301420165,0.5059643863574084,0.0,-1.1966439714241013,0.522049793284209,1.4412391952782961,-0.4413123092630842,-1.0243293100033335
745,-0.45992617843974176,0.3921170148372238,-0.34229345186628274,0.0,1.2117435798963296,-0.5108964207192123,1.4412391952782961,-0.4413123092630842,-1.0243293100033335
889,0.6387423806584744,1.2026649070410804,0.32308372718885214,0.0,1.2117435798963296,1.0959088010638873,-0.6938473525256192,-0.4413123092630842,0.976248546472565
446,0.34723026662846074,0.5861542114803522,-2.4767757013325093,0.0,0.007549804236114243,-0.5108964207192123,-0.6938473525256192,2.265968972562375,-1.0243293100033335
292,-0.3724397156351959,-0.7818745448861436,-1.0533419669132595,0.0,-1.1966439714241013,1.4402242057316945,-0.6938473525256192,-0.4413123092630842,0.976248546472565
35,1.0435634634299618,-1.5358259048384186,-0.7947024677829696,0.0,-1.1966439714241013,-1.3142990316107621,-0.6938473525256192,2.265968972562375,-1.0243293100033335
899,0.9549425524355063,-0.09013679331440969,0.4926449339384909,0.0,1.2117435798963296,1.2106806026198231,1.4412391952782961,-0.4413123092630842,-1.0243293100033335
875,0.5730804391744219,0.7891614012708856,0.6790579101978816,0.0,1.2117435798963296,0.866365197952016,-0.6938473525256192,2.265968972562375,-1.0243293100033335
738,-0.6029893329516478,-0.20285369338108722,1.1551539203587087,0.0,1.2117435798963296,-0.5108964207192123,-0.6938473525256192,-0.4413123092630842,0.976248546472565
172,0.13452070185753268,-0.9820593632906776,1.204883168680789,0.0,-1.1966439714241013,0.17773438861640192,-0.6938473525256192,-0.4413123092630842,0.976248546472565
189,-1.5647646717871817,0.050581100561637,0.6508069895765235,0.0,-1.1966439714241013,0.2925061901723376,-0.6938473525256192,-0.4413123092630842,0.976248546472565
107,-1.4196376441115752,-1.5928774302264397,1.854855135724503,0.0,-1.1966439714241013,-0.625668222275148,-0.6938473525256192,2.265968972562375,-1.0243293100033335
177,-0.9124316503252244,-0.6366492715980588,1.667497007599397,0.0,-1.1966439714241013,0.17773438861640192,-0.6938473525256192,-0.4413123092630842,0.976248546472565
723,-1.2691536120201352,-0.049157924019916165,0.37462374494541034,0.0,1.2117435798963296,-0.7404400238310836,-0.6938473525256192,2.265968972562375,-1.0243293100033335
651,0.8454719253171703,0.10830588113115006,0.38019218987118525,0.0,1.2117435798963296,-1.5438426347226335,-0.6938473525256192,-0.4413123092630842,0.976248546472565
53,0.4986427227378552,0.16407101816938197,2.299343183335035,0.0,-1.1966439714241013,-1.1995272300548263,-0.6938473525256192,-0.4413123092630842,0.976248546472565
511,0.1155023198976271,-0.46460875438342975,0.5475751457460786,0.0,0.007549804236114243,0.17773438861640192,1.4412391952782961,-0.4413123092630842,-1.0243293100033335
509,0.561491637105505,0.29506583749523435,0.22134322537106954,0.0,0.007549804236114243,0.17773438861640192,-0.6938473525256192,-0.4413123092630842,0.976248546472565
615,-0.0004021917710500174,-0.07521710500334476,0.9728828822986008,0.0,0.007549804236114243,1.3254524041757587,1.4412391952782961,-0.4413123092630842,-1.0243293100033335
403,-0.467475662964161,-0.030277610974631632,0.8867711151870509,0.0,0.007549804236114243,-0.969983626942955,-0.6938473525256192,-0.4413123092630842,0.976248546472565
349,-0.8322819088245804,0.3874569045740552,-1.1183411708724986,0.0,0.007549804236114243,-1.5438426347226335,-0.6938473525256192,-0.4413123092630842,0.976248546472565
779,1.4819268876705458,-0.8661917575635141,1.3182484152095093,0.0,1.2117435798963296,-0.16658101605140516,-0.6938473525256192,-0.4413123092630842,0.976248546472565
594,0.014475192967073114,-0.07028524736348359,-0.22504937808625802,0.0,0.007549804236114243,1.0959088010638873,1.4412391952782961,-0.4413123092630842,-1.0243293100033335
502,-0.18339322011850423,-0.7425287693579997,0.06462459775788826,0.0,0.007549804236114243,0.06296258706046622,-0.6938473525256192,-0.4413123092630842,0.976248546472565
710,-0.7024672881026902,-0.3516046768227188,-1.2023133570257947,0.0,1.2117435798963296,-0.8552118253870193,-0.6938473525256192,-0.4413123092630842,0.976248546472565
376,0.054162697912499475,0.7933530201949247,0.7726604150069196,0.0,0.007549804236114243,-1.1995272300548263,1.4412391952782961,-0.4413123092630842,-1.0243293100033335
220,-0.010582826954687988,-1.2582615442409253,0.4467801869880114,0.0,-1.1966439714241013,0.6368215948401447,-0.6938473525256192,2.265968972562375,-1.0243293100033335
660,-0.04047354090402187,0.3064321909793581,0.27839810631583606,0.0,1.2117435798963296,-1.4290708331666977,-0.6938473525256192,-0.4413123092630842,0.976248546472565
223,0.3497238399711782,-0.3774857087128525,0.7816827622043367,0.0,-1.1966439714241013,0.6368215948401447,1.4412391952782961,-0.4413123092630842,-1.0243293100033335
546,3.2061079250026436,0.24361830333230436,1.120688885122718,0.0,0.007549804236114243,0.6368215948401447,-0.6938473525256192,-0.4413123092630842,0.976248546472565
596,-1.9859430872288402,0.65834518792972,-0.6332331019166412,0.0,0.007549804236114243,1.0959088010638873,-0.6938473525256192,-0.4413123092630842,0.976248546472565
559,1.6408830540399155,-0.534715807464853,-1.016358585957069,0.0,0.007549804236114243,0.7515933963960804,-0.6938473525256192,-0.4413123092630842,0.976248546472565
454,-0.11319125439520838,-0.16038211098261107,0.5753997662963429,0.0,0.007549804236114243,-0.3961246191632765,1.4412391952782961,-0.4413123092630842,-1.0243293100033335
818,-0.5738936651892325,1.0020871447330923,-1.0827427197030897,0.0,1.2117435798963296,0.2925061901723376,1.4412391952782961,-0.4413123092630842,-1.0243293100033335
193,-1.3785470236683952,-0.3152333973658564,0.14114910971869468,0.0,-1.1966439714241013,0.2925061901723376,-0.6938473525256192,-0.4413123092630842,0.976248546472565
11,1.900378494517493,-0.9655001549516471,2.393049714100172,0.0,-1.1966439714241013,-1.658614436278569,-0.6938473525256192,-0.4413123092630842,0.976248546472565
195,-0.34712012681509097,-2.4110359559555197,-0.7886941294433234,0.0,-1.1966439714241013,0.4072779917282733,1.4412391952782961,-0.4413123092630842,-1.0243293100033335
574,0.0696494586439523,-0.29240679190123664,-2.227001711184199,0.0,0.007549804236114243,0.866365197952016,1.4412391952782961,-0.4413123092630842,-1.0243293100033335
347,1.2923123709228255,-0.0567947080749187,0.5686152323738147,0.0,0.007549804236114243,-1.5438426347226335,1.4412391952782961,-0.4413123092630842,-1.0243293100033335
324,0.7953608013666531,-0.2308697024541304,-1.2496448513363785,0.0,-1.1966439714241013,1.7845396103995015,-0.6938473525256192,2.265968972562375,-1.0243293100033335
181,0.5739245903797736,0.19231043286088786,0.02439542845990878,0.0,-1.1966439714241013,0.17773438861640192,1.4412391952782961,-0.4413123092630842,-1.0243293100033335
885,-2.7480052535387673,2.0741319472772037,0.42670152878086276,0.0,1.2117435798963296,1.0959088010638873,-0.6938473525256192,2.265968972562375,-1.0243293100033335
591,-0.7381803875851659,1.3752577862835327,-1.4612750978569955,0.0,0.007549804236114243,1.0959088010638873,-0.6938473525256192,-0.4413123092630842,0.976248546472565
186,1.1277989930896748,-0.19547325489012723,-0.035875640512873605,0.0,-1.1966439714241013,0.2925061901723376,-0.6938473525256192,2.265968972562375,-1.0243293100033335
393,0.5957770574085354,-1.8178407408099808,1.599635730291867,0.0,0.007549804236114243,-1.0847554284988907,1.4412391952782961,-0.4413123092630842,-1.0243293100033335
769,2.6771319750839773,0.6069653896762295,-0.9811340456733181,0.0,1.2117435798963296,-0.2813528176073409,-0.6938473525256192,-0.4413123092630842,0.976248546472565
119,0.7152225179854411,0.4315237445760071,1.8505273473521924,0.0,-1.1966439714241013,-0.3961246191632765,-0.6938473525256192,-0.4413123092630842,0.976248546472565
737,-0.8156055269696969,0.7208731615737947,-0.05278674520887952,0.0,1.2117435798963296,-0.5108964207192123,-0.6938473525256192,-0.4413123092630842,0.976248546472565
442,0.9115803902502236,-0.4233164343004488,0.20507344822874543,0.0,0.007549804236114243,-0.5108964207192123,1.4412391952782961,-0.4413123092630842,-1.0243293100033335
428,0.6558477002328857,-1.6129524309139782,-2.3730148543955107,0.0,0.007549804236114243,-0.625668222275148,1.4412391952782961,-0.4413123092630842,-1.0243293100033335
96,0.6259865172284773,0.5082385836636066,0.5887009554165454,0.0,-1.1966439714241013,-0.7404400238310836,-0.6938473525256192,-0.4413123092630842,0.976248546472565
132,-0.450999961992919,0.6901123023163492,-0.5096018179105867,0.0,-1.1966439714241013,-0.2813528176073409,1.4412391952782961,-0.4413123092630842,-1.0243293100033335
938,2.5223637501058533,1.804756164026029,1.523411339037557,0.0,1.2117435798963296,1.669767808843566,-0.6938473525256192,-0.4413123092630842,0.976248546472565
709,-1.3678081489147689,0.8716610338301011,0.2929137218359394,0.0,1.2117435798963296,-0.8552118253870193,-0.6938473525256192,-0.4413123092630842,0.976248546472565
206,1.134968612649546,-0.5488893833062911,-1.247440570958208,0.0,-1.1966439714241013,0.522049793284209,-0.6938473525256192,-0.4413123092630842,0.976248546472565
284,0.2537476315456308,0.38882655412373,0.43280333738828586,0.0,-1.1966439714241013,1.3254524041757587,1.4412391952782961,-0.4413123092630842,-1.0243293100033335
391,1.7458896024638888,-0.7245391173949208,-0.07217318092938302,0.0,0.007549804236114243,-1.0847554284988907,-0.6938473525256192,-0.4413123092630842,0.976248546472565
42,-1.6058128009377044,-0.022328417862666948,-0.33832643290530173,0.0,-1.1966439714241013,-1.3142990316107621,-0.6938473525256192,2.265968972562375,-1.0243293100033335
246,0.7317920995649497,-0.38538514273929253,1.0850013886741772,0.0,-1.1966439714241013,0.9811369995079517,1.4412391952782961,-0.4413123092630842,-1.0243293100033335
628,2.2654835510176983,-0.06154733324120074,0.0300505240949275,0.0,0.007549804236114243,1.4402242057316945,-0.6938473525256192,-0.4413123092630842,0.976248546472565
943,1.5845042225710084,0.34455785766314156,-0.6405782791497258,0.0,1.2117435798963296,1.669767808843566,-0.6938473525256192,-0.4413123092630842,0.976248546472565
157,1.041010286107205,-0.9945514670069708,0.4109833776550378,0.0,-1.1966439714241013,-0.05180921449546947,-0.6938473525256192,-0.4413123092630842,0.976248546472565
484,-0.34528322767766895,0.0333023469278074,0.16314479664876844,0.0,0.007549804236114243,-0.05180921449546947,-0.6938473525256192,-0.4413123092630842,0.976248546472565
472,-1.3896100530261104,-2.856649385209507,1.7735391333959272,0.0,0.007549804236114243,-0.16658101605140516,-0.6938473525256192,2.265968972562375,-1.0243293100033335
432,-0.5001017737697828,-0.06468121122187008,0.4878929431489814,0.0,0.007549804236114243,-0.625668222275148,-0.6938473525256192,-0.4413123092630842,0.976248546472565
114,-0.6240592449391587,-0.35789864517245656,0.4171433180093493,0.0,-1.1966439714241013,-0.5108964207192123,-0.6938473525256192,-0.4413123092630842,0.976248546472565
93,-0.0526728025591787,-0.94465025088072,0.020882439353671737,0.0,-1.1966439714241013,-0.7404400238310836,-0.6938473525256192,-0.4413123092630842,0.976248546472565
940,-1.6341394816406958,0.16656840357940886,-0.11727675954364378,0.0,1.2117435798963296,1.669767808843566,-0.6938473525256192,-0.4413123092630842,0.976248546472565
115,1.4441641770481486,-1.3832829561170472,-0.985683419653101,0.0,-1.1966439714241013,-0.5108964207192123,-0.6938473525256192,-0.4413123092630842,0.976248546472565
250,-1.0718445496783346,0.3563028295909051,0.4025516395400514,0.0,-1.1966439714241013,0.9811369995079517,-0.6938473525256192,-0.4413123092630842,0.976248546472565
705,0.21116708075591015,-0.4738213550230619,-0.46819566293062964,0.0,1.2117435798963296,-0.969983626942955,1.4412391952782961,-0.4413123092630842,-1.0243293100033335
208,-0.006299248275549763,0.3954513001836464,0.8308482831188285,0.0,-1.1966439714241013,0.522049793284209,-0.6938473525256192,2.265968972562375,-1.0243293100033335
861,0.9679114255227107,1.5108213191928654,-0.9481128419228843,0.0,1.2117435798963296,0.7515933963960804,-0.6938473525256192,-0.4413123092630842,0.976248546472565
147,-0.3746681360195385,-1.8491961129898409,-0.43945836450675946,0.0,-1.1966439714241013,-0.16658101605140516,-0.6938473525256192,-0.4413123092630842,0.976248546472565
922,-0.5189826564565402,0.7373762398049081,-1.1837924306475316,0.0,1.2117435798963296,1.4402242057316945,-0.6938473525256192,-0.4413123092630842,0.976248546472565
536,-1.1229720836270332,-0.819210893505874,-1.0903092168442217,0.0,0.007549804236114243,0.522049793284209,-0.6938473525256192,2.265968972562375,-1.0243293100033335
600,-0.7757697692206578,-0.7551513559810329,-1.387563693631534,0.0,0.007549804236114243,1.2106806026198231,-0.6938473525256192,2.265968972562375,-1.0243293100033335
117,-0.053929270511359574,1.7082715600792056,-0.7235008885715603,0.0,-1.1966439714241013,-0.5108964207192123,1.4412391952782961,-0.4413123092630842,-1.0243293100033335
905,1.746599608114298,-0.7485745608523066,0.041245667382098825,0.0,1.2117435798963296,1.2106806026198231,-0.6938473525256192,-0.4413123092630842,0.976248546472565
947,-0.9765977746429231,-0.987172941496379,-0.8178496957520868,0.0,1.2117435798963296,1.7845396103995015,1.4412391952782961,-0.4413123092630842,-1.0243293100033335
909,1.160103428053825,0.5612421728525089,-0.9413854515686744,0.0,1.2117435798963296,1.3254524041757587,-0.6938473525256192,-0.4413123092630842,0.976248546472565
260,-1.4828332893367586,-0.2402156350942506,0.8323931822029315,0.0,-1.1966439714241013,1.0959088010638873,-0.6938473525256192,2.265968972562375,-1.0243293100033335
739,1.039893740581999,0.5939852056358895,1.724047508289933,0.0,1.2117435798963296,-0.5108964207192123,1.4412391952782961,-0.4413123092630842,-1.0243293100033335
81,-0.6497916994671404,0.8285948565501648,-0.22025205010628357,0.0,-1.1966439714241013,-0.8552118253870193,-0.6938473525256192,-0.4413123092630842,0.976248546472565
667,-0.3127774322535659,0.07241435574023405,0.19731244511670873,0.0,1.2117435798963296,-1.3142990316107621,-0.6938473525256192,-0.4413123092630842,0.976248546472565
706,-0.8704089571569232,0.8783991772795365,-1.0488916829541346,0.0,1.2117435798963296,-0.8552118253870193,1.4412391952782961,-0.4413123092630842,-1.0243293100033335
279,-1.9726787503899308,-1.1403454381471962,-0.30785950548723584,0.0,-1.1966439714241013,1.3254524041757587,-0.6938473525256192,-0.4413123092630842,0.976248546472565
514,0.2482914776762417,-0.30944497458588127,0.47346198248921934,0.0,0.007549804236114243,0.17773438861640192,-0.6938473525256192,-0.4413123092630842,0.976248546472565
300,-0.48124095156014485,0.38390069389362175,1.464343547339634,0.0,-1.1966439714241013,1.4402242057316945,-0.6938473525256192,-0.4413123092630842,0.976248546472565
459,0.6970723464169581,-0.43019679584871795,-0.7254741967022034,0.0,0.007549804236114243,-0.3961246191632765,-0.6938473525256192,2.265968972562375,-1.0243293100033335
863,0.8555882400146843,-1.3132494430205035,-0.19549558935141878,0.0,1.2117435798963296,0.7515933963960804,1.4412391952782961,-0.4413123092630842,-1.0243293100033335
716,0.535218051913684,1.3977137718399808,-0.6950242312874981,0.0,1.2117435798963296,-0.8552118253870193,1.4412391952782961,-0.4413123092630842,-1.0243293100033335
136,-0.10134525179113174,1.4987602943234373,-1.1559806031827955,0.0,-1.1966439714241013,-0.2813528176073409,1.4412391952782961,-0.4413123092630842,-1.0243293100033335
288,-1.2656439172597422,0.32398377526954875,1.6479973643396315,0.0,-1.1966439714241013,1.3254524041757587,1.4412391952782961,-0.4413123092630842,-1.0243293100033335
417,0.8056098199862197,-1.826517322602925,-0.5447814278211954,0.0,0.007549804236114243,-0.8552118253870193,1.4412391952782961,-0.4413123092630842,-1.0243293100033335
146,0.6596225224523777,0.37267170471658795,0.2515419707778948,0.0,-1.1966439714241013,-0.16658101605140516,1.4412391952782961,-0.4413123092630842,-1.0243293100033335
775,1.2565507507530298,0.11445160956745752,0.42932003138172065,0.0,1.2117435798963296,-0.16658101605140516,-0.6938473525256192,-0.4413123092630842,0.976248546472565
810,-2.338861658112776,0.06831403828705546,1.386256148778737,0.0,1.2117435798963296,0.17773438861640192,1.4412391952782961,-0.4413123092630842,-1.0243293100033335
419,1.1679112699660892,0.7432306765871047,0.6261332082225814,0.0,0.007549804236114243,-0.7404400238310836,1.4412391952782961,-0.4413123092630842,-1.0243293100033335
846,-0.4926071530110771,-1.8627103547807027,-0.6957047071872036,0.0,1.2117435798963296,0.6368215948401447,-0.6938473525256192,-0.4413123092630842,0.976248546472565
348,0.0613939385766717,-0.6116782075189127,-0.7192335184853605,0.0,0.007549804236114243,-1.5438426347226335,1.4412391952782961,-0.4413123092630842,-1.0243293100033335
445,-0.9716963978989019,0.869931271508184,-0.36496198633354143,0.0,0.007549804236114243,-0.5108964207192123,-0.6938473525256192,-0.4413123092630842,0.976248546472565
378,1.937950691057655,0.031928486754950615,1.0598825082325918,0.0,0.007549804236114243,-1.1995272300548263,-0.6938473525256192,-0.4413123092630842,0.976248546472565
606,-0.14562665658205018,0.7518603031491191,-1.5008493103570268,0.0,0.007549804236114243,1.2106806026198231,-0.6938473525256192,-0.4413123092630842,0.976248546472565
934,0.46506715301906204,-0.16515636775266396,0.6944367448540238,0.0,1.2117435798963296,1.55499600728763,-0.6938473525256192,-0.4413123092630842,0.976248546472565
258,-0.3673191341392555,2.383330873683852,-2.308632944581315,0.0,-1.1966439714241013,1.0959088010638873,-0.6938473525256192,2.265968972562375,-1.0243293100033335
610,-0.4816912465969572,0.23784188122887737,-0.41234045903554095,0.0,0.007549804236114243,1.3254524041757587,1.4412391952782961,-0.4413123092630842,-1.0243293100033335
269,-2.021449267940891,-1.2238923177880527,1.1007729681124696,0.0,-1.1966439714241013,1.2106806026198231,-0.6938473525256192,-0.4413123092630842,0.976248546472565
573,-0.1934937458787954,-0.8989718015490914,1.8611473578347333,0.0,0.007549804236114243,0.866365197952016,-0.6938473525256192,-0.4413123092630842,0.976248546472565
766,-0.1085167719453211,-0.9446392401834499,0.3417054003023209,0.0,1.2117435798963296,-0.2813528176073409,1.4412391952782961,-0.4413123092630842,-1.0243293100033335
461,-0.025850138085352206,-1.5075315191210528,0.9468842765725503,0.0,0.007549804236114243,-0.2813528176073409,-0.6938473525256192,-0.4413123092630842,0.976248546472565
431,1.8331642200253933,-1.1912306860041515,0.9899207481520418,0.0,0.007549804236114243,-0.625668222275148,-0.6938473525256192,2.265968972562375,-1.0243293100033335
687,-0.7963649637693645,0.48515725520418435,1.72810941367327,0.0,1.2117435798963296,-1.0847554284988907,-0.6938473525256192,-0.4413123092630842,0.976248546472565
728,1.690579597920593,-0.07521012120654923,-1.3941614572506698,0.0,1.2117435798963296,-0.625668222275148,-0.6938473525256192,-0.4413123092630842,0.976248546472565
222,0.6016300435391996,-0.5161820727518424,1.7285418489858821,0.0,-1.1966439714241013,0.6368215948401447,-0.6938473525256192,-0.4413123092630842,0.976248546472565
547,-1.225511286533954,0.8529464915770101,-0.4670050584053465,0.0,0.007549804236114243,0.6368215948401447,1.4412391952782961,-0.4413123092630842,-1.0243293100033335
903,0.6240258073496878,0.05779709262372702,0.04454049545723097,0.0,1.2117435798963296,1.2106806026198231,1.4412391952782961,-0.4413123092630842,-1.0243293100033335
225,-1.5508993071784427,-0.305676591729869,-0.7062716046221766,0.0,-1.1966439714241013,0.6368215948401447,-0.6938473525256192,2.265968972562375,-1.0243293100033335
872,-1.326283267285412,-1.022874513718837,-0.3708013790846293,0.0,1.2117435798963296,0.866365197952016,1.4412391952782961,-0.4413123092630842,-1.0243293100033335
714,-0.6473951373730308,-1.3730663566303436,0.12011579289757697,0.0,1.2117435798963296,-0.8552118253870193,1.4412391952782961,-0.4413123092630842,-1.0243293100033335
301,-1.338078176959268,2.064998444618973,0.9355704119021837,0.0,-1.1966439714241013,1.4402242057316945,1.4412391952782961,-0.4413123092630842,-1.0243293100033335
89,1.0006236084450972,-1.1684526767486194,-1.3556833217879796,0.0,-1.1966439714241013,-0.7404400238310836,-0.6938473525256192,2.265968972562375,-1.0243293100033335
443,0.6970437559972086,0.9033467621296652,1.3102627315481623,0.0,0.007549804236114243,-0.5108964207192123,1.4412391952782961,-0.4413123092630842,-1.0243293100033335
679,-0.3413140418894787,-0.946823653514488,-0.46743226377017566,0.0,1.2117435798963296,-1.1995272300548263,-0.6938473525256192,-0.4413123092630842,0.976248546472565
429,-0.5105823142339644,-0.7296537441799448,0.807506527131584,0.0,0.007549804236114243,-0.625668222275148,-0.6938473525256192,-0.4413123092630842,0.976248546472565
86,-0.30736360502382737,1.6263089599060476,-0.4186923950061067,0.0,-1.1966439714241013,-0.8552118253870193,1.4412391952782961,-0.4413123092630842,-1.0243293100033335
471,-0.6059406654463129,-0.32866264912022675,0.32359904226854314,0.0,0.007549804236114243,-0.16658101605140516,-0.6938473525256192,-0.4413123092630842,0.976248546472565
458,0.07358047597555428,-0.28174058216151787,-0.7457981003888061,0.0,0.007549804236114243,-0.3961246191632765,-0.6938473525256192,-0.4413123092630842,0.976248546472565
908,1.3575670612829724,-0.3071504459402028,-0.8061551495920283,0.0,1.2117435798963296,1.3254524041757587,-0.6938473525256192,-0.4413123092630842,0.976248546472565
473,-0.7636544226933236,-0.23049357956187405,-1.4543889153830711,0.0,0.007549804236114243,-0.16658101605140516,1.4412391952782961,-0.4413123092630842,-1.0243293100033335
598,0.40519221967610874,-0.038089844062176956,-2.415993222199724,0.0,0.007549804236114243,1.0959088010638873,1.4412391952782961,-0.4413123092630842,-1.0243293100033335
180,-0.8500214929306881,1.3904275278421923,0.9305165231999772,0.0,-1.1966439714241013,0.17773438861640192,1.4412391952782961,-0.4413123092630842,-1.0243293100033335
197,0.40334374417454616,1.1692030997684073,-1.488273016000351,0.0,-1.1966439714241013,0.4072779917282733,-0.6938473525256192,-0.4413123092630842,0.976248546472565
248,-0.5627251341872213,-0.6447090918450894,-0.89362038098769,0.0,-1.1966439714241013,0.9811369995079517,-0.6938473525256192,2.265968972562375,-1.0243293100033335
662,1.0999121548667539,-0.4225966709447747,1.7724109367769103,0.0,1.2117435798963296,-1.3142990316107621,-0.6938473525256192,-0.4413123092630842,0.976248546472565
363,1.4546357745258303,2.0796394917226984,1.0319107370841973,0.0,0.007549804236114243,-1.4290708331666977,-0.6938473525256192,-0.4413123092630842,0.976248546472565
884,1.0793384723675488,0.3418377890347452,0.5330809810782688,0.0,1.2117435798963296,0.9811369995079517,-0.6938473525256192,-0.4413123092630842,0.976248546472565
201,-1.1868647589079147,-0.8596710994372052,1.3271627098645555,0.0,-1.1966439714241013,0.4072779917282733,1.4412391952782961,-0.4413123092630842,-1.0243293100033335
495,-0.4381669648289668,-1.4210819635372165,0.28883006646616394,0.0,0.007549804236114243,0.06296258706046622,-0.6938473525256192,-0.4413123092630842,0.976248546472565
84,1.3799344985497322,0.9878800401619616,0.05390869284198314,0.0,-1.1966439714241013,-0.8552118253870193,1.4412391952782961,-0.4413123092630842,-1.0243293100033335
38,-0.15927654313968614,-1.171262659624348,0.6978612175457685,0.0,-1.1966439714241013,-1.3142990316107621,-0.6938473525256192,2.265968972562375,-1.0243293100033335
910,-1.1295632686252455,0.8458817986108526,0.206582050435609,0.0,1.2117435798963296,1.3254524041757587,1.4412391952782961,-0.4413123092630842,-1.0243293100033335
816,0.5767480184655533,-1.0907046496094117,0.8679253037636288,0.0,1.2117435798963296,0.2925061901723376,1.4412391952782961,-0.4413123092630842,-1.0243293100033335
397,-0.4717906387706756,0.3092193917838997,-1.2750817587751644,0.0,0.007549804236114243,-0.969983626942955,-0.6938473525256192,-0.4413123092630842,0.976248546472565
521,-0.10654390605476775,1.1065470822515513,-0.9480327997067072,0.0,0.007549804236114243,0.2925061901723376,1.4412391952782961,-0.4413123092630842,-1.0243293100033335
883,-1.4454283618640436,0.993582868203331,-0.4267294828501017,0.0,1.2117435798963296,0.9811369995079517,1.4412391952782961,-0.4413123092630842,-1.0243293100033335
946,-0.09728699964762187,-0.3293845425309172,-1.7759830099484097,0.0,1.2117435798963296,1.7845396103995015,-0.6938473525256192,2.265968972562375,-1.0243293100033335
785,1.0072762084322424,-1.5661912226382935,0.23860391484512794,0.0,1.2117435798963296,-0.05180921449546947,-0.6938473525256192,-0.4413123092630842,0.976248546472565
298,1.5316589355423238,0.15691720825321528,-0.5909069798294153,0.0,-1.1966439714241013,1.4402242057316945,-0.6938473525256192,-0.4413123092630842,0.976248546472565
755,-0.5569630291276053,-0.22389828777964416,-1.365509661160388,0.0,1.2117435798963296,-0.3961246191632765,1.4412391952782961,-0.4413123092630842,-1.0243293100033335
931,0.047053594629131744,0.3826117048557103,-0.7571561498833436,0.0,1.2117435798963296,1.55499600728763,-0.6938473525256192,-0.4413123092630842,0.976248546472565
455,2.354424528903503,0.16858191167225683,-1.1721483476282857,0.0,0.007549804236114243,-0.3961246191632765,1.4412391952782961,-0.4413123092630842,-1.0243293100033335
25,0.5074214558897087,-0.32162658718445264,-1.0328392401596633,0.0,-1.1966439714241013,-1.4290708331666977,-0.6938473525256192,-0.4413123092630842,0.976248546472565
945,1.2252364047928643,-0.05448140870337905,-0.1638057854158905,0.0,1.2117435798963296,1.669767808843566,-0.6938473525256192,2.265968972562375,-1.0243293100033335
476,0.16849832991780633,-1.2733209181062968,0.8938704445074641,0.0,0.007549804236114243,-0.16658101605140516,1.4412391952782961,-0.4413123092630842,-1.0243293100033335
167,1.7350979193281788,0.1173305480309844,0.20320701304628785,0.0,-1.1966439714241013,0.06296258706046622,1.4412391952782961,-0.4413123092630842,-1.0243293100033335
490,-0.5266044005508362,-0.13149953738945958,0.9522979612455307,0.0,0.007549804236114243,-0.05180921449546947,-0.6938473525256192,-0.4413123092630842,0.976248546472565
129,0.6824446181324577,0.0487663348522211,0.3617694140575148,0.0,-1.1966439714241013,-0.3961246191632765,-0.6938473525256192,-0.4413123092630842,0.976248546472565
234,0.44864727674469884,0.49859355491110563,1.5309225618296363,0.0,-1.1966439714241013,0.7515933963960804,-0.6938473525256192,-0.4413123092630842,0.976248546472565
95,0.4080875296330029,1.4196600764388274,-0.1789035393788205,0.0,-1.1966439714241013,-0.7404400238310836,1.4412391952782961,-0.4413123092630842,-1.0243293100033335
833,-1.4215299689215157,-1.5826293742889077,-0.06047189670442132,0.0,1.2117435798963296,0.522049793284209,1.4412391952782961,-0.4413123092630842,-1.0243293100033335
368,1.5792832924442486,-0.015233341316704617,0.22763834178787212,0.0,0.007549804236114243,-1.3142990316107621,-0.6938473525256192,-0.4413123092630842,0.976248546472565
416,-0.49636391743068636,0.33161720897770325,2.0305441595114666,0.0,0.007549804236114243,-0.8552118253870193,-0.6938473525256192,2.265968972562375,-1.0243293100033335
877,0.5433338166666908,-2.58621532782076,0.9515587312246819,0.0,1.2117435798963296,0.9811369995079517,-0.6938473525256192,-0.4413123092630842,0.976248546472565
98,-1.5232574700586905,-0.42512474298357306,1.7606174332026414,0.0,-1.1966439714241013,-0.625668222275148,-0.6938473525256192,-0.4413123092630842,0.976248546472565
470,-0.6418079960433527,-0.0153110223047346,0.5922656199976908,0.0,0.007549804236114243,-0.2813528176073409,1.4412391952782961,-0.4413123092630842,-1.0243293100033335
389,-0.03234594889211458,-0.4158094455239625,1.6533910788201263,0.0,0.007549804236114243,-1.0847554284988907,1.4412391952782961,-0.4413123092630842,-1.0243293100033335
229,0.6127645336993213,-2.1233717222104422,0.9930171426866469,0.0,-1.1966439714241013,0.7515933963960804,-0.6938473525256192,-0.4413123092630842,0.976248546472565
554,0.5272816838850688,-0.6419332180244791,0.5575662426016622,0.0,0.007549804236114243,0.6368215948401447,1.4412391952782961,-0.4413123092630842,-1.0243293100033335
383,1.526236915330701,-0.1653612545181217,0.3569106288267254,0.0,0.007549804236114243,-1.1995272300548263,1.4412391952782961,-0.4413123092630842,-1.0243293100033335
791,0.5696248093386949,0.1365460492536911,0.10806136648312853,0.0,1.2117435798963296,-0.05180921449546947,-0.6938473525256192,2.265968972562375,-1.0243293100033335
128,1.172633422741679,1.5670410320616979,0.9165973593282314,0.0,-1.1966439714241013,-0.3961246191632765,-0.6938473525256192,-0.4413123092630842,0.976248546472565
529,0.6327388093871945,0.9522050217754762,0.21190866442515738,0.0,0.007549804236114243,0.4072779917282733,-0.6938473525256192,-0.4413123092630842,0.976248546472565
503,-1.151743202516204,1.3958972716049771,-1.673061146832444,0.0,0.007549804236114243,0.06296258706046622,-0.6938473525256192,-0.4413123092630842,0.976248546472565
853,-0.840897262848067,0.7274523288282222,-0.269111603841749,0.0,1.2117435798963296,0.7515933963960804,1.4412391952782961,-0.4413123092630842,-1.0243293100033335
609,0.03713791748207321,0.9662898841247545,0.9575124402832002,0.0,0.007549804236114243,1.3254524041757587,-0.6938473525256192,-0.4413123092630842,0.976248546472565
658,-0.8901061785335235,-0.6282696278488256,0.2635476937014121,0.0,1.2117435798963296,-1.4290708331666977,-0.6938473525256192,2.265968972562375,-1.0243293100033335
812,-0.9391398070719792,-1.7473318227282602,0.6329176477238501,0.0,1.2117435798963296,0.2925061901723376,-0.6938473525256192,-0.4413123092630842,0.976248546472565
63,-0.7795745917304727,-1.4517857354380295,-0.1968812656099327,0.0,-1.1966439714241013,-1.0847554284988907,1.4412391952782961,-0.4413123092630842,-1.0243293100033335
876,-0.9684733131303468,-1.214894069083061,1.1050130524212916,0.0,1.2117435798963296,0.9811369995079517,-0.6938473525256192,2.265968972562375,-1.0243293100033335
333,2.277089612191867,-1.4271844562831582,-1.6887833689624514,0.0,0.007549804236114243,-1.658614436278569,-0.6938473525256192,2.265968972562375,-1.0243293100033335
465,0.4800169261340688,-0.02247500537640337,0.24154015739063803,0.0,0.007549804236114243,-0.2813528176073409,-0.6938473525256192,-0.4413123092630842,0.976248546472565
191,0.41929124025233205,1.260778678228537,1.574066581494629,0.0,-1.1966439714241013,0.2925061901723376,-0.6938473525256192,-0.4413123092630842,0.976248546472565
438,-0.26284826518294135,-0.7418838867309228,-1.7250599694208495,0.0,0.007549804236114243,-0.625668222275148,-0.6938473525256192,-0.4413123092630842,0.976248546472565
313,0.5862799982046244,0.057966832430825906,-0.8167792599645897,0.0,-1.1966439714241013,1.669767808843566,-0.6938473525256192,-0.4413123092630842,0.976248546472565
690,-1.5806651176947746,-0.9537651989292811,0.06889659194077286,0.0,1.2117435798963296,-1.0847554284988907,-0.6938473525256192,2.265968972562375,-1.0243293100033335
296,0.49671397331881917,-0.050575942182898494,-0.5088675962857054,0.0,-1.1966439714241013,1.4402242057316945,-0.6938473525256192,-0.4413123092630842,0.976248546472565
906,0.5517355989613509,0.6813752421078673,1.5907116263448677,0.0,1.2117435798963296,1.3254524041757587,-0.6938473525256192,-0.4413123092630842,0.976248546472565
668,2.48508582992832,-0.17162843880216058,0.7572814602447542,0.0,1.2117435798963296,-1.3142990316107621,-0.6938473525256192,-0.4413123092630842,0.976248546472565
523,-1.3789506073530893,-0.5642281683330794,0.2548792275200526,0.0,0.007549804236114243,0.2925061901723376,1.4412391952782961,-0.4413123092630842,-1.0243293100033335
69,0.534745333479233,-1.138252417798813,0.4323256216177502,0.0,-1.1966439714241013,-0.969983626942955,-0.6938473525256192,-0.4413123092630842,0.976248546472565
926,-1.9257602764654735,-0.6365964463907695,1.2103527344147458,0.0,1.2117435798963296,1.55499600728763,1.4412391952782961,-0.4413123092630842,-1.0243293100033335
127,0.7248672014797594,-0.29341486818222023,0.16433142262113007,0.0,-1.1966439714241013,-0.3961246191632765,-0.6938473525256192,-0.4413123092630842,0.976248546472565
199,0.26998976484184417,0.1510360253136167,-0.16907955246020356,0.0,-1.1966439714241013,0.4072779917282733,-0.6938473525256192,2.265968972562375,-1.0243293100033335
762,0.3797817510067783,-0.7446318262412581,0.6183084688134947,0.0,1.2117435798963296,-0.2813528176073409,-0.6938473525256192,2.265968972562375,-1.0243293100033335
515,-0.4200563552107861,-1.7602402608272558,-0.7695158289368703,0.0,0.007549804236114243,0.2925061901723376,1.4412391952782961,-0.4413123092630842,-1.0243293100033335
575,0.050606295071055185,0.15030549243481417,0.18484628961364705,0.0,0.007549804236114243,0.866365197952016,1.4412391952782961,-0.4413123092630842,-1.0243293100033335
920,0.9734931563669433,-2.030647042467867,2.0927016793450015,0.0,1.2117435798963296,1.4402242057316945,1.4412391952782961,-0.4413123092630842,-1.0243293100033335
871,2.6285347687217473,-0.3714521819299556,-1.6451111390775428,0.0,1.2117435798963296,0.866365197952016,-0.6938473525256192,-0.4413123092630842,0.976248546472565
784,1.3964598351364097,-0.6672265053948038,-1.5342990321513967,0.0,1.2117435798963296,-0.05180921449546947,-0.6938473525256192,-0.4413123092630842,0.976248546472565
52,2.000727920755306,0.5111710504148763,-0.23855881822174504,0.0,-1.1966439714241013,-1.1995272300548263,-0.6938473525256192,-0.4413123092630842,0.976248546472565
318,0.43542993581779865,0.5633680761261969,1.005201084423477,0.0,-1.1966439714241013,1.669767808843566,1.4412391952782961,-0.4413123092630842,-1.0243293100033335
198,0.2809503644586125,1.14027576470417,-0.18915130820222203,0.0,-1.1966439714241013,0.4072779917282733,1.4412391952782961,-0.4413123092630842,-1.0243293100033335
694,-0.6815375656046,0.7774553041787102,-1.3331074221577184,0.0,1.2117435798963296,-1.0847554284988907,-0.6938473525256192,-0.4413123092630842,0.976248546472565
935,0.13492575349825428,-0.047743663049520796,0.25498283150102174,0.0,1.2117435798963296,1.55499600728763,-0.6938473525256192,-0.4413123092630842,0.976248546472565
280,-1.3196000779806438,0.7661912926783514,-1.4237676212504575,0.0,-1.1966439714241013,1.3254524041757587,-0.6938473525256192,-0.4413123092630842,0.976248546472565
466,1.0763844598924392,0.6680198979730206,0.29012019368694875,0.0,0.007549804236114243,-0.2813528176073409,-0.6938473525256192,-0.4413123092630842,0.976248546472565
375,-0.4248509349510951,-0.980371394911607,-0.4449647058359715,0.0,0.007549804236114243,-1.1995272300548263,-0.6938473525256192,-0.4413123092630842,0.976248546472565
792,-1.3695062011645904,-0.7398147067513221,0.8067692361669424,0.0,1.2117435798963296,0.06296258706046622,-0.6938473525256192,-0.4413123092630842,0.976248546472565
57,-2.328309551260265,-0.9943779493697598,0.8743523822485504,0.0,-1.1966439714241013,-1.0847554284988907,-0.6938473525256192,-0.4413123092630842,0.976248546472565
218,-1.628774205352848,0.20646198572713154,1.4605279340812822,0.0,-1.1966439714241013,0.6368215948401447,-0.6938473525256192,-0.4413123092630842,0.976248546472565
480,0.49599556625806834,-1.544750152466817,0.962399960164756,0.0,0.007549804236114243,-0.16658101605140516,1.4412391952782961,-0.4413123092630842,-1.0243293100033335
743,-0.683061524392941,-0.35499788352200834,-0.3462179571663381,0.0,1.2117435798963296,-0.5108964207192123,-0.6938473525256192,2.265968972562375,-1.0243293100033335
275,-1.9367075734688153,1.6895736957639436,-0.9562793797556834,0.0,-1.1966439714241013,1.2106806026198231,-0.6938473525256192,-0.4413123092630842,0.976248546472565
75,-0.8656529644456192,-0.11444385495958316,-0.7679242959821191,0.0,-1.1966439714241013,-0.969983626942955,-0.6938473525256192,-0.4413123092630842,0.976248546472565
612,-2.8100769408775728,2.2408487538748973,-0.7001566622804495,0.0,0.007549804236114243,1.3254524041757587,1.4412391952782961,-0.4413123092630842,-1.0243293100033335
392,-1.4244066989952986,0.06989248902985604,-0.9845211271073331,0.0,0.007549804236114243,-1.0847554284988907,-0.6938473525256192,-0.4413123092630842,0.976248546472565
441,0.22641305522902133,0.4148733732836197,-0.7776438244478209,0.0,0.007549804236114243,-0.5108964207192123,-0.6938473525256192,2.265968972562375,-1.0243293100033335
956,-0.246652752255062,-0.6882411790677875,-0.5752382869196554,0.0,1.2117435798963296,1.7845396103995015,1.4412391952782961,-0.4413123092630842,-1.0243293100033335
285,0.40941531313861346,-0.4398478520935654,0.37624028920584146,0.0,-1.1966439714241013,1.3254524041757587,-0.6938473525256192,-0.4413123092630842,0.976248546472565
579,1.4419607144750568,-1.3723280879098045,-1.9734431407155875,0.0,0.007549804236114243,0.9811369995079517,1.4412391952782961,-0.4413123092630842,-1.0243293100033335
725,-0.27212211436960587,0.6037165083223918,-0.5113622953610708,0.0,1.2117435798963296,-0.7404400238310836,-0.6938473525256192,-0.4413123092630842,0.976248546472565
821,1.8185460604654795,0.17875953240143744,0.011891057736380696,0.0,1.2117435798963296,0.2925061901723376,-0.6938473525256192,2.265968972562375,-1.0243293100033335
19,1.2784140507156312,0.7733488941519747,0.2172762536628448,0.0,-1.1966439714241013,-1.5438426347226335,1.4412391952782961,-0.4413123092630842,-1.0243293100033335
543,-0.4889303710749096,-0.9671084538869409,-0.05334285538651758,0.0,0.007549804236114243,0.522049793284209,1.4412391952782961,-0.4413123092630842,-1.0243293100033335
16,0.013796967153811398,0.2140100101194265,0.363626507959549,0.0,-1.1966439714241013,-1.5438426347226335,-0.6938473525256192,2.265968972562375,-1.0243293100033335
238,2.560357669196237,1.8813916423329544,-1.5961000700682266,0.0,-1.1966439714241013,0.866365197952016,1.4412391952782961,-0.4413123092630842,-1.0243293100033335
918,1.3298319511454306,2.8413087068269567,1.1753403483010463,0.0,1.2117435798963296,1.4402242057316945,-0.6938473525256192,2.265968972562375,-1.0243293100033335
131,0.8563435903050963,-0.2619070011541885,-0.28691814978660635,0.0,-1.1966439714241013,-0.2813528176073409,-0.6938473525256192,-0.4413123092630842,0.976248546472565
486,1.3682642306110606,-0.07715531502043108,-0.5294956198684656,0.0,0.007549804236114243,-0.05180921449546947,-0.6938473525256192,-0.4413123092630842,0.976248546472565
315,0.9120075086463577,1.920988674595955,-3.1963551917859556,0.0,-1.1966439714241013,1.669767808843566,-0.6938473525256192,-0.4413123092630842,0.976248546472565
697,0.4395281106328285,-0.38704801620739027,0.55210251839788,0.0,1.2117435798963296,-0.969983626942955,-0.6938473525256192,-0.4413123092630842,0.976248546472565
487,1.5512053450326961,0.8594275844961609,0.11454283288283261,0.0,0.007549804236114243,-0.05180921449546947,-0.6938473525256192,-0.4413123092630842,0.976248546472565
535,0.4307482481057022,-0.8415856570910981,1.1789804438908258,0.0,0.007549804236114243,0.4072779917282733,-0.6938473525256192,2.265968972562375,-1.0243293100033335
820,-0.48220455367787163,-1.176233940239276,0.41373680644223154,0.0,1.2117435798963296,0.2925061901723376,-0.6938473525256192,-0.4413123092630842,0.976248546472565
604,-1.1851602030072121,-0.036281384746743695,-0.2047286686898566,0.0,0.007549804236114243,1.2106806026198231,-0.6938473525256192,-0.4413123092630842,0.976248546472565
293,0.9300693324171355,0.5766558033032877,-0.5193355464894032,0.0,-1.1966439714241013,1.4402242057316945,1.4412391952782961,-0.4413123092630842,-1.0243293100033335
474,-2.7150312622993047,-0.5427297435490058,1.007473433243504,0.0,0.007549804236114243,-0.16658101605140516,1.4412391952782961,-0.4413123092630842,-1.0243293100033335
776,-0.8102916644659165,0.629066199547866,0.14590765106139292,0.0,1.2117435798963296,-0.16658101605140516,-0.6938473525256192,2.265968972562375,-1.0243293100033335
456,1.7448502613250478,-0.7736179600700502,-1.1710016719056169,0.0,0.007549804236114243,-0.3961246191632765,-0.6938473525256192,-0.4413123092630842,0.976248546472565
592,-1.5532268908182971,-2.8875401917751042,-0.06728346720541342,0.0,0.007549804236114243,1.0959088010638873,1.4412391952782961,-0.4413123092630842,-1.0243293100033335
310,-0.8441989615684198,1.2667330876522345,0.4977423988509016,0.0,-1.1966439714241013,1.55499600728763,-0.6938473525256192,2.265968972562375,-1.0243293100033335
627,0.9237989849544692,-0.4435486199386743,-0.48329991427605956,0.0,0.007549804236114243,1.4402242057316945,-0.6938473525256192,-0.4413123092630842,0.976248546472565
326,1.91599886750319,-1.3494256489091183,0.4298434825802201,0.0,-1.1966439714241013,1.7845396103995015,1.4412391952782961,-0.4413123092630842,-1.0243293100033335
100,1.3681128710198074,1.4383080322923039,-0.9573894457930285,0.0,-1.1966439714241013,-0.625668222275148,-0.6938473525256192,-0.4413123092630842,0.976248546472565
513,-0.06276864539374985,1.4518720279737978,0.034062384080852576,0.0,0.007549804236114243,0.17773438861640192,-0.6938473525256192,2.265968972562375,-1.0243293100033335
94,1.0689335547431127,0.06671567689632295,1.4873282929896938,0.0,-1.1966439714241013,-0.7404400238310836,-0.6938473525256192,-0.4413123092630842,0.976248546472565
235,1.41722631438006,-0.26685536760436956,0.7740141385175788,0.0,-1.1966439714241013,0.7515933963960804,-0.6938473525256192,2.265968972562375,-1.0243293100033335
152,0.8333870945344908,1.0288685465031555,-0.2854380267969064,0.0,-1.1966439714241013,-0.05180921449546947,1.4412391952782961,-0.4413123092630842,-1.0243293100033335
362,0.9676141613180114,0.010873215522732176,2.276959559463718,0.0,0.007549804236114243,-1.4290708331666977,-0.6938473525256192,2.265968972562375,-1.0243293100033335
468,-1.6046068706354917,-0.2651704257037503,-0.9179954162976169,0.0,0.007549804236114243,-0.2813528176073409,-0.6938473525256192,-0.4413123092630842,0.976248546472565
451,0.12888778480065421,1.680742904158063,-0.5732405322372055,0.0,0.007549804236114243,-0.3961246191632765,-0.6938473525256192,-0.4413123092630842,0.976248546472565
330,0.40933136647567664,2.38853848586528,-0.017489645928200955,0.0,-1.1966439714241013,1.7845396103995015,-0.6938473525256192,-0.4413123092630842,0.976248546472565
143,0.06265536562209818,-0.83791578311865,-0.6390481150586788,0.0,-1.1966439714241013,-0.16658101605140516,-0.6938473525256192,2.265968972562375,-1.0243293100033335
813,-0.7518001602556016,0.13955062363196905,0.2618263020973361,0.0,1.2117435798963296,0.2925061901723376,1.4412391952782961,-0.4413123092630842,-1.0243293100033335
343,-0.8580315454689361,0.4626752879349978,1.3670033694877892,0.0,0.007549804236114243,-1.5438426347226335,-0.6938473525256192,2.265968972562375,-1.0243293100033335
73,0.20444632586262282,1.0652163923169207,-1.0704011498468766,0.0,-1.1966439714241013,-0.969983626942955,-0.6938473525256192,2.265968972562375,-1.0243293100033335
890,-0.8290919957122228,0.7492884035335629,-1.1129595172172873,0.0,1.2117435798963296,1.0959088010638873,-0.6938473525256192,-0.4413123092630842,0.976248546472565
224,-1.051751336953644,-0.07112870436978345,-0.26279451680982163,0.0,-1.1966439714241013,0.6368215948401447,-0.6938473525256192,-0.4413123092630842,0.976248546472565
153,-1.2512753992049017,-1.0354894825036387,-1.2424791394323145,0.0,-1.1966439714241013,-0.05180921449546947,1.4412391952782961,-0.4413123092630842,-1.0243293100033335
274,-0.1943156328131506,2.6009911411651347,0.3662553214395998,0.0,-1.1966439714241013,1.2106806026198231,1.4412391952782961,-0.4413123092630842,-1.0243293100033335
32,-1.2887353164619955,-0.43109299645028487,1.1932033097144161,0.0,-1.1966439714241013,-1.4290708331666977,1.4412391952782961,-0.4413123092630842,-1.0243293100033335
570,0.5072514313154338,0.20107859041797663,-1.4314951518780834,0.0,0.007549804236114243,0.866365197952016,-0.6938473525256192,-0.4413123092630842,0.976248546472565
561,-1.1738259027493039,0.5894922262846987,-0.8058476455892546,0.0,0.007549804236114243,0.7515933963960804,-0.6938473525256192,-0.4413123092630842,0.976248546472565
564,0.8530418671559699,-0.17371060540541994,0.7095276838226764,0.0,0.007549804236114243,0.7515933963960804,1.4412391952782961,-0.4413123092630842,-1.0243293100033335
933,-0.4961660991122865,-1.3883056732116725,0.9490682227152802,0.0,1.2117435798963296,1.55499600728763,1.4412391952782961,-0.4413123092630842,-1.0243293100033335
125,-0.07733500361942225,-0.4638705851801103,0.5205335582956799,0.0,-1.1966439714241013,-0.3961246191632765,-0.6938473525256192,-0.4413123092630842,0.976248546472565
71,2.3803175807209844,-1.2783383582463035,-0.8584705312973426,0.0,-1.1966439714241013,-0.969983626942955,1.4412391952782961,-0.4413123092630842,-1.0243293100033335
845,0.4805946798399605,-0.8688525982290959,-0.35270429106378115,0.0,1.2117435798963296,0.6368215948401447,1.4412391952782961,-0.4413123092630842,-1.0243293100033335
659,-1.4634026565410747,1.597674683419896,-0.8777668830567019,0.0,1.2117435798963296,-1.4290708331666977,-0.6938473525256192,-0.4413123092630842,0.976248546472565
641,0.6032745008530382,0.7493867102831193,-0.4595554124048814,0.0,1.2117435798963296,-1.5438426347226335,-0.6938473525256192,-0.4413123092630842,0.976248546472565
749,-1.8184673062845251,-0.3269755385937186,0.015359107439080352,0.0,1.2117435798963296,-0.3961246191632765,-0.6938473525256192,2.265968972562375,-1.0243293100033335
676,2.20452414233625,0.7333421156738699,0.10894313445688064,0.0,1.2117435798963296,-1.1995272300548263,-0.6938473525256192,-0.4413123092630842,0.976248546472565
287,-0.5678651726708204,-0.007232945897284438,-0.5403937933568062,0.0,-1.1966439714241013,1.3254524041757587,-0.6938473525256192,-0.4413123092630842,0.976248546472565
790,-0.17165790429732466,-0.9878538535556565,2.8624477701601156,0.0,1.2117435798963296,-0.05180921449546947,1.4412391952782961,-0.4413123092630842,-1.0243293100033335
245,0.3864318899031542,-1.7854746121037808,0.8191677628618724,0.0,-1.1966439714241013,0.866365197952016,-0.6938473525256192,-0.4413123092630842,0.976248546472565
373,1.568609945562747,0.3439767078325577,-0.7381483151682698,0.0,0.007549804236114243,-1.3142990316107621,-0.6938473525256192,2.265968972562375,-1.0243293100033335
187,-0.7417752300850338,0.6060598441513808,0.43568587220757754,0.0,-1.1966439714241013,0.2925061901723376,-0.6938473525256192,-0.4413123092630842,0.976248546472565
380,-0.5195527529781346,1.7603825885862279,-0.734944013167383,0.0,0.007549804236114243,-1.1995272300548263,-0.6938473525256192,-0.4413123092630842,0.976248546472565
860,0.41635845407025823,0.1517693604279508,-0.745907701798451,0.0,1.2117435798963296,0.7515933963960804,-0.6938473525256192,2.265968972562375,-1.0243293100033335
448,-0.5611191084497855,-2.210760348326462,-1.0422482502575907,0.0,0.007549804236114243,-0.5108964207192123,-0.6938473525256192,-0.4413123092630842,0.976248546472565
657,0.048167324599083426,1.13982710318759,-1.668936928278772,0.0,1.2117435798963296,-1.4290708331666977,1.4412391952782961,-0.4413123092630842,-1.0243293100033335
577,0.67570669599686,1.0958029213611697,-0.567802786495726,0.0,0.007549804236114243,0.9811369995079517,-0.6938473525256192,2.265968972562375,-1.0243293100033335
161,-0.5966294708945301,-0.3573176175296202,0.8057507319379672,0.0,-1.1966439714241013,-0.05180921449546947,-0.6938473525256192,-0.4413123092630842,0.976248546472565
729,-0.7491001713908106,-0.2636483890621059,1.7403288755396857,0.0,1.2117435798963296,-0.625668222275148,-0.6938473525256192,-0.4413123092630842,0.976248546472565
377,-1.348117560341078,0.56641458639728,-2.705198723168061,0.0,0.007549804236114243,-1.1995272300548263,1.4412391952782961,-0.4413123092630842,-1.0243293100033335
228,0.9131285324336821,-1.2508064807359474,-0.8243268305598843,0.0,-1.1966439714241013,0.7515933963960804,-0.6938473525256192,2.265968972562375,-1.0243293100033335
80,0.4443329779433685,-0.47839943147275316,1.1141599026980877,0.0,-1.1966439714241013,-0.8552118253870193,-0.6938473525256192,2.265968972562375,-1.0243293100033335
563,-0.1836108410021692,-0.8807200027472987,-1.7223094781824777,0.0,0.007549804236114243,0.7515933963960804,-0.6938473525256192,2.265968972562375,-1.0243293100033335
866,1.3443059816911087,-0.8429015007346525,-0.9573802893116042,0.0,1.2117435798963296,0.866365197952016,-0.6938473525256192,2.265968972562375,-1.0243293100033335
715,0.3690123449575558,2.141626734689945,0.2986427776918097,0.0,1.2117435798963296,-0.8552118253870193,-0.6938473525256192,-0.4413123092630842,0.976248546472565
584,-0.12807749097750185,0.33350621497564736,-0.03978814538323156,0.0,0.007549804236114243,0.9811369995079517,1.4412391952782961,-0.4413123092630842,-1.0243293100033335
12,0.601308180722473,1.6460244998605535,-1.0080582887872127,0.0,-1.1966439714241013,-1.5438426347226335,1.4412391952782961,-0.4413123092630842,-1.0243293100033335
179,-0.6792541186604659,0.08845177494157117,0.7165795549899839,0.0,-1.1966439714241013,0.17773438861640192,-0.6938473525256192,-0.4413123092630842,0.976248546472565
45,-1.6033878549416671,-2.7711312758151876,0.43634010897799164,0.0,-1.1966439714241013,-1.1995272300548263,1.4412391952782961,-0.4413123092630842,-1.0243293100033335
927,-0.9890357405858875,-0.07169842829735672,0.24344487731660977,0.0,1.2117435798963296,1.55499600728763,-0.6938473525256192,-0.4413123092630842,0.976248546472565
190,0.8760017788893498,-0.6528683543782204,-0.5406269728177707,0.0,-1.1966439714241013,0.2925061901723376,1.4412391952782961,-0.4413123092630842,-1.0243293100033335
99,-0.9840623674740547,0.13529348146050676,-0.8951642834296315,0.0,-1.1966439714241013,-0.625668222275148,-0.6938473525256192,-0.4413123092630842,0.976248546472565
164,0.31914039413658163,0.47509535551892684,0.25774504134139603,0.0,-1.1966439714241013,0.06296258706046622,-0.6938473525256192,-0.4413123092630842,0.976248546472565
787,-0.2088369698724652,-1.4284963982566727,-0.637010919456431,0.0,1.2117435798963296,-0.05180921449546947,-0.6938473525256192,-0.4413123092630842,0.976248546472565
778,1.4211169742919578,2.1343899087698754,0.24151134201347696,0.0,1.2117435798963296,-0.16658101605140516,-0.6938473525256192,-0.4413123092630842,0.976248546472565
163,-0.8678982993752361,0.6154682470489976,-0.6288074835701286,0.0,-1.1966439714241013,0.06296258706046622,-0.6938473525256192,-0.4413123092630842,0.976248546472565
840,0.3558845820981553,0.17653920941431506,0.7618944958800623,0.0,1.2117435798963296,0.522049793284209,-0.6938473525256192,-0.4413123092630842,0.976248546472565
178,1.0537132526421145,-0.46904916012455905,0.47552804606251803,0.0,-1.1966439714241013,0.17773438861640192,-0.6938473525256192,-0.4413123092630842,0.976248546472565
817,-0.007442069684664236,1.363084926728871,0.03329268373503934,0.0,1.2117435798963296,0.2925061901723376,-0.6938473525256192,-0.4413123092630842,0.976248546472565
166,1.9287599483113755,1.2687980057835515,1.5895332478341933,0.0,-1.1966439714241013,0.06296258706046622,1.4412391952782961,-0.4413123092630842,-1.0243293100033335
252,-0.19514993254304167,-0.2659760527660412,-0.4071499237513198,0.0,-1.1966439714241013,0.9811369995079517,-0.6938473525256192,2.265968972562375,-1.0243293100033335
265,0.42056446998061525,1.6934184968546329,0.26028667299027974,0.0,-1.1966439714241013,1.0959088010638873,-0.6938473525256192,2.265968972562375,-1.0243293100033335
925,0.4773242135802964,0.15679839966130465,-0.49363885689552167,0.0,1.2117435798963296,1.4402242057316945,-0.6938473525256192,-0.4413123092630842,0.976248546472565
337,-0.22759860535464083,0.007369024296139958,0.7009435035816003,0.0,0.007549804236114243,-1.658614436278569,1.4412391952782961,-0.4413123092630842,-1.0243293100033335
165,-0.3066691595518375,2.0122343355201844,-0.8370478001138507,0.0,-1.1966439714241013,0.06296258706046622,1.4412391952782961,-0.4413123092630842,-1.0243293100033335
746,0.02128245443428747,-0.4943426873139972,-0.34795388879882344,0.0,1.2117435798963296,-0.5108964207192123,1.4412391952782961,-0.4413123092630842,-1.0243293100033335
394,0.8838498442919521,0.7411018994898578,-0.677701664975599,0.0,0.007549804236114243,-1.0847554284988907,-0.6938473525256192,-0.4413123092630842,0.976248546472565
633,-1.0907892373670436,-0.08856784886557485,-0.8594022936801108,0.0,1.2117435798963296,-1.658614436278569,-0.6938473525256192,-0.4413123092630842,0.976248546472565
642,0.6571828647324315,-1.5672944511981377,0.042220054067036154,0.0,1.2117435798963296,-1.5438426347226335,1.4412391952782961,-0.4413123092630842,-1.0243293100033335
22,0.20418934159196947,-2.2260475058980425,-0.013464653519942369,0.0,-1.1966439714241013,-1.5438426347226335,-0.6938473525256192,-0.4413123092630842,0.976248546472565
639,0.2557480899544668,-0.5221972282406786,1.0261682517954034,0.0,1.2117435798963296,-1.658614436278569,-0.6938473525256192,-0.4413123092630842,0.976248546472565
24,0.1238663288095828,-1.1420144002398054,-0.21112857423106765,0.0,-1.1966439714241013,-1.4290708331666977,-0.6938473525256192,-0.4413123092630842,0.976248546472565
381,-0.17914775907970745,1.6787452138355001,1.9247477290453758,0.0,0.007549804236114243,-1.1995272300548263,-0.6938473525256192,-0.4413123092630842,0.976248546472565
370,1.8546546182211008,-0.031153780613359598,-0.13857564907625058,0.0,0.007549804236114243,-1.3142990316107621,1.4412391952782961,-0.4413123092630842,-1.0243293100033335
488,1.3759660640915745,0.5654036490447681,-0.011207071851132603,0.0,0.007549804236114243,-0.05180921449546947,-0.6938473525256192,-0.4413123092630842,0.976248546472565
758,0.5670555051590463,0.4666233166136469,0.6588107251949079,0.0,1.2117435798963296,-0.3961246191632765,-0.6938473525256192,-0.4413123092630842,0.976248546472565
74,-0.32615175369024574,-1.9137914572853425,-0.3201086469462782,0.0,-1.1966439714241013,-0.969983626942955,1.4412391952782961,-0.4413123092630842,-1.0243293100033335
281,1.8073142342438444,-0.3601782935227566,-0.43491356003255593,0.0,-1.1966439714241013,1.3254524041757587,1.4412391952782961,-0.4413123092630842,-1.0243293100033335
827,0.5094521843630615,-0.7591809037566263,1.1100163982384001,0.0,1.2117435798963296,0.4072779917282733,1.4412391952782961,-0.4413123092630842,-1.0243293100033335
560,-0.75451086823825,-0.06715323899924819,-1.0291345713626339,0.0,0.007549804236114243,0.7515933963960804,1.4412391952782961,-0.4413123092630842,-1.0243293100033335
520,-0.5702092228160862,-1.10914958025679,0.9108622502425979,0.0,0.007549804236114243,0.2925061901723376,-0.6938473525256192,-0.4413123092630842,0.976248546472565
294,0.019432588438120037,1.330174659810807,0.8093513768301595,0.0,-1.1966439714241013,1.4402242057316945,-0.6938473525256192,-0.4413123092630842,0.976248546472565
540,0.22257785827718246,0.7689535418927541,0.46683473229732353,0.0,0.007549804236114243,0.522049793284209,-0.6938473525256192,2.265968972562375,-1.0243293100033335
912,-0.7297086442883471,-0.004659631524544903,-0.04351805902630029,0.0,1.2117435798963296,1.3254524041757587,-0.6938473525256192,2.265968972562375,-1.0243293100033335
151,0.6497603892485931,-1.8950881062891944,0.7899597813456793,0.0,-1.1966439714241013,-0.05180921449546947,-0.6938473525256192,-0.4413123092630842,0.976248546472565
379,0.18059270595754534,-0.2174995573519977,0.5832228104749865,0.0,0.007549804236114243,-1.1995272300548263,-0.6938473525256192,-0.4413123092630842,0.976248546472565
917,-0.3038953680100829,0.5451004721411463,0.6075657007414359,0.0,1.2117435798963296,1.4402242057316945,-0.6938473525256192,-0.4413123092630842,0.976248546472565
701,2.3375114316144687,-1.0512405573852972,-0.5128613104076545,0.0,1.2117435798963296,-0.969983626942955,1.4412391952782961,-0.4413123092630842,-1.0243293100033335
611,-1.1572816717696701,1.0427977504058552,-0.5561550574924184,0.0,0.007549804236114243,1.3254524041757587,-0.6938473525256192,-0.4413123092630842,0.976248546472565
599,1.2991673218701896,0.5648663722849122,0.5610814477928193,0.0,0.007549804236114243,1.2106806026198231,-0.6938473525256192,-0.4413123092630842,0.976248546472565
92,-0.37276312302751524,-0.43823451830899934,-1.4388910224723357,0.0,-1.1966439714241013,-0.7404400238310836,-0.6938473525256192,-0.4413123092630842,0.976248546472565
895,-0.49399884714595105,-0.2710352039543694,-0.36662043104331793,0.0,1.2117435798963296,1.2106806026198231,1.4412391952782961,-0.4413123092630842,-1.0243293100033335
207,-0.23856263508993744,-0.6553885609710379,1.0068563968560398,0.0,-1.1966439714241013,0.522049793284209,1.4412391952782961,-0.4413123092630842,-1.0243293100033335
731,0.046027651228459115,-1.2188711621299364,-1.1700462721207063,0.0,1.2117435798963296,-0.625668222275148,-0.6938473525256192,-0.4413123092630842,0.976248546472565
882,-0.059025424081150045,0.14918987551807328,0.23818204460785644,0.0,1.2117435798963296,0.9811369995079517,-0.6938473525256192,2.265968972562375,-1.0243293100033335
108,0.41200838194549044,0.45999172184284526,-0.9976567146069573,0.0,-1.1966439714241013,-0.5108964207192123,1.4412391952782961,-0.4413123092630842,-1.0243293100033335
671,0.20724785223624947,-0.3691191252492214,-1.8422909837998296,0.0,1.2117435798963296,-1.3142990316107621,1.4412391952782961,-0.4413123092630842,-1.0243293100033335
589,0.8512101033485026,0.5271787210058569,-1.1252357663443198,0.0,0.007549804236114243,1.0959088010638873,-0.6938473525256192,-0.4413123092630842,0.976248546472565
340,-0.08580479975610589,0.5212566175387257,0.9357167609484588,0.0,0.007549804236114243,-1.658614436278569,1.4412391952782961,-0.4413123092630842,-1.0243293100033335
210,-0.7794799780886934,-0.7218420096079279,-0.2015405294317419,0.0,-1.1966439714241013,0.522049793284209,-0.6938473525256192,-0.4413123092630842,0.976248546472565
286,0.08577189964489135,-1.1601897614398196,-0.33193093356872294,0.0,-1.1966439714241013,1.3254524041757587,-0.6938473525256192,-0.4413123092630842,0.976248546472565
277,0.48646928985618626,-0.3233131875195859,1.281514724950563,0.0,-1.1966439714241013,1.2106806026198231,-0.6938473525256192,-0.4413123092630842,0.976248546472565
955,-0.2531896722741823,-1.1529910201347675,0.30363249681497356,0.0,1.2117435798963296,1.7845396103995015,-0.6938473525256192,-0.4413123092630842,0.976248546472565
923,1.1957242196565092,-0.19348172115324466,0.6362214578655342,0.0,1.2117435798963296,1.4402242057316945,-0.6938473525256192,-0.4413123092630842,0.976248546472565
948,0.2767107634457811,1.6285746636448308,-0.7421894556456629,0.0,1.2117435798963296,1.7845396103995015,-0.6938473525256192,-0.4413123092630842,0.976248546472565
137,-1.8034800088556338,0.08559056846418293,0.48513699676020255,0.0,-1.1966439714241013,-0.2813528176073409,-0.6938473525256192,-0.4413123092630842,0.976248546472565
510,-0.6981477167998247,-0.1314749561784859,1.0729951096473158,0.0,0.007549804236114243,0.17773438861640192,1.4412391952782961,-0.4413123092630842,-1.0243293100033335
795,-0.4931152656032142,0.8530676601722851,0.8871979894219193,0.0,1.2117435798963296,0.06296258706046622,-0.6938473525256192,-0.4413123092630842,0.976248546472565
123,0.7900105473197871,0.1514555098399457,0.22203026000408138,0.0,-1.1966439714241013,-0.3961246191632765,-0.6938473525256192,-0.4413123092630842,0.976248546472565
525,-0.7718260033147308,-0.18082010913603241,-0.06329761265960719,0.0,0.007549804236114243,0.4072779917282733,-0.6938473525256192,2.265968972562375,-1.0243293100033335
870,0.4899072480150608,0.3374627738732474,-2.266775038403374,0.0,1.2117435798963296,0.866365197952016,1.4412391952782961,-0.4413123092630842,-1.0243293100033335
